array	number_variant	mean_r2	sd_r2	mean_cov	sd_cov	MAF_range	pop
Axiom_GW_ASI	7803567	0.289943373233661	0.0547980800302728	0.147125528943385	0.0354667448417935	(AC>1, MAF<=0.01]	EAS
Axiom_GW_ASI	2962645	0.563673826753055	0.0783854839270375	0.39719797620346	0.0720234337376351	(MAF>0.01, MAF<=0.05]	EAS
Axiom_GW_ASI	10061468	0.774876689000801	0.067736200428049	0.687615253545566	0.0827157794775647	(MAF>0.01, MAF<=0.5]	EAS
Axiom_GW_ASI	7098823	0.863319657087332	0.061687349883429	0.808933703055356	0.085406791490729	(MAF<0.05, MAF<=0.5]	EAS
Axiom_GW_CHB	7803567	0.301613324119415	0.0272020786777199	0.147202559691515	0.0201778588519796	(AC>1, MAF<=0.01]	EAS
Axiom_GW_CHB	2962645	0.612009064782944	0.03972839003809	0.448313265212043	0.0393331178286272	(MAF>0.01, MAF<=0.05]	EAS
Axiom_GW_CHB	10061468	0.801146597478594	0.0281426264774262	0.710247740951546	0.0312165922867503	(MAF>0.01, MAF<=0.5]	EAS
Axiom_GW_CHB	7098823	0.880345763569679	0.0229425254327438	0.819837665987189	0.0275274966189407	(MAF<0.05, MAF<=0.5]	EAS
Axiom_GW_EUR	7803567	0.280996339470536	0.057026195621332	0.14293996007487	0.0364579416386883	(AC>1, MAF<=0.01]	EAS
Axiom_GW_EUR	2962645	0.543321075359777	0.0824693389991927	0.373535221548517	0.0726092881452855	(MAF>0.01, MAF<=0.05]	EAS
Axiom_GW_EUR	10061468	0.758369437380447	0.0747408481950064	0.665049530534969	0.088856674922857	(MAF>0.01, MAF<=0.5]	EAS
Axiom_GW_EUR	7098823	0.848378103145946	0.0699553074223953	0.786742353352017	0.094160705033155	(MAF<0.05, MAF<=0.5]	EAS
Axiom_GW_PanAFR	7803567	0.339768948007321	0.0305865141089156	0.191315416173028	0.0233265875538675	(AC>1, MAF<=0.01]	EAS
Axiom_GW_PanAFR	2962645	0.623218926659972	0.0422487561520819	0.46105342480022	0.0396184222805022	(MAF>0.01, MAF<=0.05]	EAS
Axiom_GW_PanAFR	10061468	0.830958568029659	0.0291647386577546	0.758771366859084	0.0313665148333522	(MAF>0.01, MAF<=0.5]	EAS
Axiom_GW_PanAFR	7098823	0.917967535833387	0.02261790030031	0.883331801029336	0.0262388259846974	(MAF<0.05, MAF<=0.5]	EAS
Axiom_JAPONICA	7803567	0.328200627069766	0.0392242823517329	0.159465862657101	0.0280333032624253	(AC>1, MAF<=0.01]	EAS
Axiom_JAPONICA	2962645	0.639045384785364	0.0520895404968262	0.47546558851967	0.0554942824055159	(MAF>0.01, MAF<=0.05]	EAS
Axiom_JAPONICA	10061468	0.831004962124967	0.0321080612375062	0.764236971003768	0.0395769927881141	(MAF>0.01, MAF<=0.5]	EAS
Axiom_JAPONICA	7098823	0.911500427081004	0.0223997211070779	0.885136412069693	0.0310020583232128	(MAF<0.05, MAF<=0.5]	EAS
infinium-omnizhonghua-v1.4	7803567	0.349960342925933	0.0351865305131674	0.19277714984152	0.026569920005423	(AC>1, MAF<=0.01]	EAS
infinium-omnizhonghua-v1.4	2962645	0.641608918232814	0.0489357423887424	0.478200241493805	0.0492436805762968	(MAF>0.01, MAF<=0.05]	EAS
infinium-omnizhonghua-v1.4	10061468	0.838551429594847	0.0327180300809882	0.770128585231128	0.037257351561429	(MAF>0.01, MAF<=0.5]	EAS
infinium-omnizhonghua-v1.4	7098823	0.921097068977358	0.0247569794692396	0.892331164261189	0.0304146689853858	(MAF<0.05, MAF<=0.5]	EAS
infinium-psycharray-v1.3	7803567	0.24923402586914	0.0354997004706334	0.113197010452731	0.0222562333494612	(AC>1, MAF<=0.01]	EAS
infinium-psycharray-v1.3	2962645	0.498770467128802	0.0549319912661024	0.309255331101286	0.0508664937022933	(MAF>0.01, MAF<=0.05]	EAS
infinium-psycharray-v1.3	10061468	0.746906652092489	0.0437074847065925	0.640457342177425	0.053197901312516	(MAF>0.01, MAF<=0.5]	EAS
infinium-psycharray-v1.3	7098823	0.850772588127509	0.0372761721943906	0.778868730352489	0.0522441723396387	(MAF<0.05, MAF<=0.5]	EAS
japanese-screening-array-v1.0	7803567	0.302667107709079	0.0368141759286996	0.144051980297285	0.0248745005984711	(AC>1, MAF<=0.01]	EAS
japanese-screening-array-v1.0	2962645	0.625851888106495	0.0482852586221285	0.46016762020944	0.0482707964658308	(MAF>0.01, MAF<=0.05]	EAS
japanese-screening-array-v1.0	10061468	0.799210018846757	0.0345634677541677	0.701673915122745	0.0462414208849675	(MAF>0.01, MAF<=0.5]	EAS
japanese-screening-array-v1.0	7098823	0.871842675473851	0.0275984934423729	0.802629397499717	0.0438772701538548	(MAF<0.05, MAF<=0.5]	EAS
multi-ethnic-eur-eas-sas-v1.0	7803567	0.353210779574506	0.0373013754596148	0.195282377954565	0.0289036952626094	(AC>1, MAF<=0.01]	EAS
multi-ethnic-eur-eas-sas-v1.0	2962645	0.669849214352495	0.0531437187164106	0.52716304384449	0.0562923163809841	(MAF>0.01, MAF<=0.05]	EAS
multi-ethnic-eur-eas-sas-v1.0	10061468	0.838841548981557	0.0379102612343306	0.774020532176803	0.0449956786194307	(MAF>0.01, MAF<=0.5]	EAS
multi-ethnic-eur-eas-sas-v1.0	7098823	0.909699298830483	0.0304885521079184	0.877383037597952	0.0386873661876451	(MAF<0.05, MAF<=0.5]	EAS
multi-ethnic-global-v1.0	7803567	0.354243801502261	0.0368654988013925	0.196748788653318	0.0282830773946007	(AC>1, MAF<=0.01]	EAS
multi-ethnic-global-v1.0	2962645	0.674052095375717	0.0514565532719735	0.530904819531445	0.0546396526145202	(MAF>0.01, MAF<=0.05]	EAS
multi-ethnic-global-v1.0	10061468	0.842759178874337	0.0361164149220346	0.778111284660382	0.043391920695499	(MAF>0.01, MAF<=0.5]	EAS
multi-ethnic-global-v1.0	7098823	0.913505799760639	0.0286796669316134	0.881623773337891	0.0370811584183467	(MAF<0.05, MAF<=0.5]	EAS
oncoarray-500k	7803567	0.258312900844341	0.0359052546363316	0.119531356298176	0.0230166376119456	(AC>1, MAF<=0.01]	EAS
oncoarray-500k	2962645	0.514100901805806	0.0539663587533334	0.328116580620228	0.0507894889474679	(MAF>0.01, MAF<=0.05]	EAS
oncoarray-500k	10061468	0.75533418338414	0.0428122420066857	0.65326112982047	0.0519698433165113	(MAF>0.01, MAF<=0.5]	EAS
oncoarray-500k	7098823	0.856319950241121	0.0366089383557898	0.789159963346993	0.0508371255498035	(MAF<0.05, MAF<=0.5]	EAS
Axiom_PMDA	7803567	0.292427096076162	0.0237297539712733	0.146137856913231	0.0168599166098931	(AC>1, MAF<=0.01]	EAS
Axiom_PMDA	2962645	0.590232527282473	0.0354159474455819	0.424933086827919	0.0386355251205079	(MAF>0.01, MAF<=0.05]	EAS
Axiom_PMDA	10061468	0.803208411559536	0.0210173527230537	0.724019651256269	0.0255682124892623	(MAF>0.01, MAF<=0.5]	EAS
Axiom_PMDA	7098823	0.892146674848101	0.0169877107718134	0.84890056056673	0.0235367682044257	(MAF<0.05, MAF<=0.5]	EAS
Axiom_PMRA	7803567	0.310868944662653	0.033567500982163	0.156880564715169	0.022997897112969	(AC>1, MAF<=0.01]	EAS
Axiom_PMRA	2962645	0.628967864327447	0.0476872894686055	0.472648985466024	0.047215417601961	(MAF>0.01, MAF<=0.05]	EAS
Axiom_PMRA	10061468	0.814342137131667	0.0325289451660388	0.743223170598582	0.038805574537911	(MAF>0.01, MAF<=0.5]	EAS
Axiom_PMRA	7098823	0.892004162336716	0.0251470425028351	0.856414123117761	0.0337244689704926	(MAF<0.05, MAF<=0.5]	EAS
Axiom_UKB_WCSG	7803567	0.294536950751483	0.0291108745168659	0.143828300965864	0.0203063669552769	(AC>1, MAF<=0.01]	EAS
Axiom_UKB_WCSG	2962645	0.567413989130307	0.0439421424918626	0.380445469038074	0.0411060845463317	(MAF>0.01, MAF<=0.05]	EAS
Axiom_UKB_WCSG	10061468	0.791339252685455	0.0303495671448538	0.705756545698088	0.0348049349009147	(MAF>0.01, MAF<=0.5]	EAS
Axiom_UKB_WCSG	7098823	0.885105311882413	0.0234000042052976	0.841806569546951	0.0303109539754425	(MAF<0.05, MAF<=0.5]	EAS
chinese-genotyping-array-v1.0	7803567	0.306978714969373	0.0351138172357505	0.155310510249024	0.0253190475007633	(AC>1, MAF<=0.01]	EAS
chinese-genotyping-array-v1.0	2962645	0.613385136401195	0.0493724393996024	0.452260491962101	0.0492364610580358	(MAF>0.01, MAF<=0.05]	EAS
chinese-genotyping-array-v1.0	10061468	0.810566329789392	0.036052682063839	0.732404787487524	0.0429590615688245	(MAF>0.01, MAF<=0.5]	EAS
chinese-genotyping-array-v1.0	7098823	0.89314550118651	0.0291971640041417	0.849561550617119	0.0386964298489882	(MAF<0.05, MAF<=0.5]	EAS
cytosnp-850k-v1.2	7803567	0.313874035566637	0.0341500024682037	0.164817114961138	0.0254711179884824	(AC>1, MAF<=0.01]	EAS
cytosnp-850k-v1.2	2962645	0.591759028664263	0.048137896930108	0.419614035731068	0.0461799801837015	(MAF>0.01, MAF<=0.05]	EAS
cytosnp-850k-v1.2	10061468	0.809140915573832	0.0352796447605431	0.728338430497789	0.0415491207880474	(MAF>0.01, MAF<=0.5]	EAS
cytosnp-850k-v1.2	7098823	0.900171008361173	0.0288158706872184	0.857457261809916	0.0378270055697278	(MAF<0.05, MAF<=0.5]	EAS
global-screening-array-v.3	7803567	0.275731397317764	0.0382531378946074	0.125884941281887	0.0244923785450461	(AC>1, MAF<=0.01]	EAS
global-screening-array-v.3	2962645	0.577251845792352	0.0544194716310221	0.401242197487962	0.0528157098770515	(MAF>0.01, MAF<=0.05]	EAS
global-screening-array-v.3	10061468	0.773543431695712	0.042002517070666	0.6718756571822	0.0551927081684306	(MAF>0.01, MAF<=0.5]	EAS
global-screening-array-v.3	7098823	0.855742823251647	0.0357651385446068	0.784977429527267	0.0547838120593051	(MAF<0.05, MAF<=0.5]	EAS
human-cytosnp-12-v2.1	7803567	0.217197990713711	0.0349502655339846	0.0881929061067443	0.0193111751582278	(AC>1, MAF<=0.01]	EAS
human-cytosnp-12-v2.1	2962645	0.450763952128844	0.0531878805484286	0.253281786003568	0.0427714634536101	(MAF>0.01, MAF<=0.05]	EAS
human-cytosnp-12-v2.1	10061468	0.711209283664626	0.0451860305410222	0.587860533072028	0.055283416691142	(MAF>0.01, MAF<=0.5]	EAS
human-cytosnp-12-v2.1	7098823	0.820176727508906	0.0400624497621649	0.727581717085216	0.059007880357718	(MAF<0.05, MAF<=0.5]	EAS
infinium-core-v1.2	7803567	0.226703140780957	0.0403478132764461	0.0971751645598621	0.0240284416212599	(AC>1, MAF<=0.01]	EAS
infinium-core-v1.2	2962645	0.468150280029092	0.0608632170074671	0.278614292716473	0.054334584840195	(MAF>0.01, MAF<=0.05]	EAS
infinium-core-v1.2	10061468	0.727533645232121	0.0494381596698258	0.61617015495245	0.0603983970296538	(MAF>0.01, MAF<=0.5]	EAS
infinium-core-v1.2	7098823	0.836119182113792	0.0425323089221874	0.757220980388675	0.0604162245657296	(MAF<0.05, MAF<=0.5]	EAS
infinium-global-diversity-array-v1.0	7803567	0.356391720204209	0.0357297454517608	0.198935366917468	0.027091928374632	(AC>1, MAF<=0.01]	EAS
infinium-global-diversity-array-v1.0	2962645	0.676692505721991	0.048969563767856	0.533725914564266	0.0523045850226276	(MAF>0.01, MAF<=0.05]	EAS
infinium-global-diversity-array-v1.0	10061468	0.8463187593173	0.0328663549745829	0.782565109872476	0.0395667582410578	(MAF>0.01, MAF<=0.5]	EAS
infinium-global-diversity-array-v1.0	7098823	0.917445035843001	0.0250617893092275	0.886752628267279	0.0325885283925731	(MAF<0.05, MAF<=0.5]	EAS
infinium-omni2.5.v1.5	7803567	0.368943465565621	0.0347990260509164	0.212579275143973	0.0266376303126119	(AC>1, MAF<=0.01]	EAS
infinium-omni2.5.v1.5	2962645	0.662512467133654	0.0463702738678542	0.504985549949957	0.0463241010490602	(MAF>0.01, MAF<=0.05]	EAS
infinium-omni2.5.v1.5	10061468	0.850340692427103	0.0310044356818369	0.784215630197254	0.0343928307062749	(MAF>0.01, MAF<=0.5]	EAS
infinium-omni2.5.v1.5	7098823	0.929066638993032	0.0236351687431215	0.901104055986533	0.0278923517116939	(MAF<0.05, MAF<=0.5]	EAS
infinium-omni5-v1.2	7803567	0.389805510110301	0.0335730933763163	0.232216549635821	0.0265268546160626	(AC>1, MAF<=0.01]	EAS
infinium-omni5-v1.2	2962645	0.687849117513548	0.0430501798423407	0.536963446245212	0.0443860889946513	(MAF>0.01, MAF<=0.05]	EAS
infinium-omni5-v1.2	10061468	0.864446993196771	0.0278377856537192	0.801903031165749	0.0314999694963531	(MAF>0.01, MAF<=0.5]	EAS
infinium-omni5-v1.2	7098823	0.938465183252106	0.0204971730700661	0.912809258975156	0.0246300758673489	(MAF<0.05, MAF<=0.5]	EAS
GenomeWideSNP_6.0	7803567	0.299619569575296	0.0411848483809602	0.158423755844788	0.0295937603359947	(AC>1, MAF<=0.01]	EAS
GenomeWideSNP_6.0	2962645	0.573571779405435	0.0576960458601552	0.404728782291509	0.0558999838631277	(MAF>0.01, MAF<=0.05]	EAS
GenomeWideSNP_6.0	10061468	0.792875946481252	0.0442998902101931	0.703972694424845	0.0558773605035968	(MAF>0.01, MAF<=0.5]	EAS
GenomeWideSNP_6.0	7098823	0.884716879155499	0.037177247276636	0.829083268074077	0.0542554031132538	(MAF<0.05, MAF<=0.5]	EAS
Axiom_GW_ASI	7369803	0.416474086318934	0.0689462652917271	0.247513800237834	0.0548329834942976	(AC>1, MAF<=0.01]	EUR
Axiom_GW_ASI	3591663	0.651484655141139	0.0829721535479595	0.474940644416873	0.0892517699679178	(MAF>0.01, MAF<=0.05]	EUR
Axiom_GW_ASI	11264756	0.80778696720254	0.0668313196376556	0.716032684171971	0.0863200771883183	(MAF>0.01, MAF<=0.5]	EUR
Axiom_GW_ASI	7673093	0.881354759969999	0.0581461677169229	0.829248328340679	0.0838604056943604	(MAF<0.05, MAF<=0.5]	EUR
Axiom_GW_CHB	7369803	0.416190867676016	0.0348111079484309	0.239718321704134	0.0279651209727667	(AC>1, MAF<=0.01]	EUR
Axiom_GW_CHB	3591663	0.655376105178387	0.0441896294123157	0.461141007634815	0.0467188220452358	(MAF>0.01, MAF<=0.05]	EUR
Axiom_GW_CHB	11264756	0.818658352715706	0.0299123585123052	0.719781412272852	0.0350845308287081	(MAF>0.01, MAF<=0.5]	EUR
Axiom_GW_CHB	7673093	0.895463747215584	0.0226223603583226	0.84131771125667	0.0287872869931502	(MAF<0.05, MAF<=0.5]	EUR
Axiom_GW_EUR	7369803	0.431491693223668	0.0780214613016395	0.253186630870981	0.0641099018791916	(AC>1, MAF<=0.01]	EUR
Axiom_GW_EUR	3591663	0.688863062491359	0.088839431052347	0.537403042769875	0.10315269010588	(MAF>0.01, MAF<=0.05]	EUR
Axiom_GW_EUR	11264756	0.826362802295481	0.0712362795554525	0.748901501423902	0.0938988410433117	(MAF>0.01, MAF<=0.5]	EUR
Axiom_GW_EUR	7673093	0.891108214892606	0.0620316621552189	0.84826874980177	0.0887922370932498	(MAF<0.05, MAF<=0.5]	EUR
Axiom_GW_PanAFR	7369803	0.488560987627811	0.0349130028802366	0.322755134128295	0.0301009265949596	(AC>1, MAF<=0.01]	EUR
Axiom_GW_PanAFR	3591663	0.725561868429261	0.0421860215675473	0.568720771378198	0.0455387837620894	(MAF>0.01, MAF<=0.05]	EUR
Axiom_GW_PanAFR	11264756	0.868896654791855	0.027268154841858	0.800085330341155	0.03098177598008	(MAF>0.01, MAF<=0.5]	EUR
Axiom_GW_PanAFR	7673093	0.936362971857059	0.0196570138061061	0.908862336866678	0.0230697332497343	(MAF<0.05, MAF<=0.5]	EUR
Axiom_JAPONICA	7369803	0.439013264675283	0.0440064614948316	0.254857409421735	0.0374201130437591	(AC>1, MAF<=0.01]	EUR
Axiom_JAPONICA	3591663	0.680489839885794	0.0499465360212781	0.492789548404935	0.060098094533851	(MAF>0.01, MAF<=0.05]	EUR
Axiom_JAPONICA	11264756	0.837896614156306	0.0313903547244605	0.754652285022338	0.0415130433774895	(MAF>0.01, MAF<=0.5]	EUR
Axiom_JAPONICA	7673093	0.912020655702006	0.0213414483596222	0.877796271025137	0.0309858293605249	(MAF<0.05, MAF<=0.5]	EUR
infinium-omnizhonghua-v1.4	7369803	0.490009853150758	0.0387187445516806	0.317771416431133	0.033485296991976	(AC>1, MAF<=0.01]	EUR
infinium-omnizhonghua-v1.4	3591663	0.734022009375259	0.0454136519367841	0.583777841974011	0.0524232077777168	(MAF>0.01, MAF<=0.05]	EUR
infinium-omnizhonghua-v1.4	11264756	0.872080451610973	0.0294933775725411	0.808528904699275	0.034820673349569	(MAF>0.01, MAF<=0.5]	EUR
infinium-omnizhonghua-v1.4	7673093	0.937073788764564	0.0214748198850312	0.914215796044253	0.0256500257474258	(MAF<0.05, MAF<=0.5]	EUR
infinium-psycharray-v1.3	7369803	0.390080508339864	0.0445041837041996	0.208084335470293	0.0343093103017781	(AC>1, MAF<=0.01]	EUR
infinium-psycharray-v1.3	3591663	0.625225391834284	0.0578332902419915	0.410702480819557	0.0637704035389444	(MAF>0.01, MAF<=0.05]	EUR
infinium-psycharray-v1.3	11264756	0.80104728024459	0.0414536948882814	0.690907615710988	0.0544920635156421	(MAF>0.01, MAF<=0.5]	EUR
infinium-psycharray-v1.3	7673093	0.883762872188754	0.0326589997358245	0.822564566783136	0.0484770149625739	(MAF<0.05, MAF<=0.5]	EUR
japanese-screening-array-v1.0	7369803	0.403498220280696	0.0424648931689449	0.220952065302769	0.0341040215911373	(AC>1, MAF<=0.01]	EUR
japanese-screening-array-v1.0	3591663	0.646473556471909	0.0496727768013993	0.43918365971296	0.0546423659288323	(MAF>0.01, MAF<=0.05]	EUR
japanese-screening-array-v1.0	11264756	0.810841534767077	0.0341534138564164	0.702963616122827	0.0467614495914369	(MAF>0.01, MAF<=0.5]	EUR
japanese-screening-array-v1.0	7673093	0.888170760623159	0.0256216959296708	0.826860533152166	0.0415289073295978	(MAF<0.05, MAF<=0.5]	EUR
multi-ethnic-eur-eas-sas-v1.0	7369803	0.500287827267667	0.043024522440302	0.32832877524249	0.0395747445374594	(AC>1, MAF<=0.01]	EUR
multi-ethnic-eur-eas-sas-v1.0	3591663	0.752281418141951	0.0500764358885793	0.623412019798068	0.0613221723424023	(MAF>0.01, MAF<=0.05]	EUR
multi-ethnic-eur-eas-sas-v1.0	11264756	0.874161780602199	0.033889169743856	0.818943034329328	0.0420475732364198	(MAF>0.01, MAF<=0.5]	EUR
multi-ethnic-eur-eas-sas-v1.0	7673093	0.931561983880013	0.0256851811975954	0.910939685435108	0.0319417768454916	(MAF<0.05, MAF<=0.5]	EUR
multi-ethnic-global-v1.0	7369803	0.501884201820279	0.0420229464124365	0.330174778536777	0.0382077562408975	(AC>1, MAF<=0.01]	EUR
multi-ethnic-global-v1.0	3591663	0.756152641281792	0.0480285570651289	0.627014316796676	0.0594857525117307	(MAF>0.01, MAF<=0.05]	EUR
multi-ethnic-global-v1.0	11264756	0.87791084408063	0.032365104778842	0.822833843704435	0.0404995194671476	(MAF>0.01, MAF<=0.5]	EUR
multi-ethnic-global-v1.0	7673093	0.935258647677558	0.0242665495766511	0.914963014368709	0.030467105876534	(MAF<0.05, MAF<=0.5]	EUR
oncoarray-500k	7369803	0.406614097798348	0.045705111573942	0.225393847205928	0.0367846093047243	(AC>1, MAF<=0.01]	EUR
oncoarray-500k	3591663	0.647818234560723	0.0566473125922567	0.450258105127449	0.0642023603693304	(MAF>0.01, MAF<=0.05]	EUR
oncoarray-500k	11264756	0.81315610069497	0.0402399267865814	0.714151815584633	0.0529129358259885	(MAF>0.01, MAF<=0.5]	EUR
oncoarray-500k	7673093	0.890936502956558	0.03167641336548	0.838137743877877	0.0464319523469416	(MAF<0.05, MAF<=0.5]	EUR
Axiom_PMDA	7369803	0.4630494696893	0.0290071315817573	0.278115328888617	0.0250143572911588	(AC>1, MAF<=0.01]	EUR
Axiom_PMDA	3591663	0.739371027060712	0.0315921710677035	0.595708937310765	0.0393463345722911	(MAF>0.01, MAF<=0.05]	EUR
Axiom_PMDA	11264756	0.866542688040137	0.0203136183721215	0.807805403443397	0.0242852938186873	(MAF>0.01, MAF<=0.5]	EUR
Axiom_PMDA	7673093	0.926269949433259	0.0152936216107689	0.907307633419498	0.0184506071935232	(MAF<0.05, MAF<=0.5]	EUR
Axiom_PMRA	7369803	0.443922214424725	0.0399385619635715	0.264581187095593	0.0327063329828078	(AC>1, MAF<=0.01]	EUR
Axiom_PMRA	3591663	0.710394391394479	0.047129361437499	0.554439410187713	0.0546087275705017	(MAF>0.01, MAF<=0.05]	EUR
Axiom_PMRA	11264756	0.849303506881688	0.0308382749293218	0.781355014285747	0.0384888332103192	(MAF>0.01, MAF<=0.5]	EUR
Axiom_PMRA	7673093	0.914696502093416	0.0224204655921234	0.888045152495252	0.0295671718901783	(MAF<0.05, MAF<=0.5]	EUR
Axiom_UKB_WCSG	7369803	0.48309324348679	0.0390148044417619	0.290492303947294	0.0347103795263423	(AC>1, MAF<=0.01]	EUR
Axiom_UKB_WCSG	3591663	0.77077921737409	0.04344727830115	0.666299482769387	0.0542817960254822	(MAF>0.01, MAF<=0.05]	EUR
Axiom_UKB_WCSG	11264756	0.879731287851072	0.0277670497627734	0.83891808566616	0.0343345367958582	(MAF>0.01, MAF<=0.5]	EUR
Axiom_UKB_WCSG	7673093	0.931064750024263	0.0199271471524371	0.920168703381512	0.0240090839599135	(MAF<0.05, MAF<=0.5]	EUR
chinese-genotyping-array-v1.0	7369803	0.434828375788055	0.0409930965233983	0.253381631641775	0.0351609347093003	(AC>1, MAF<=0.01]	EUR
chinese-genotyping-array-v1.0	3591663	0.692349334266027	0.0483415857189709	0.520909254466873	0.054706826514578	(MAF>0.01, MAF<=0.05]	EUR
chinese-genotyping-array-v1.0	11264756	0.841248788578917	0.0333695266749313	0.761068517142504	0.0416438580497967	(MAF>0.01, MAF<=0.5]	EUR
chinese-genotyping-array-v1.0	7673093	0.911322374359569	0.0254466515286236	0.873950220841663	0.0341914516538731	(MAF<0.05, MAF<=0.5]	EUR
cytosnp-850k-v1.2	7369803	0.464111719043237	0.0386390373552028	0.288355102978804	0.033268677167012	(AC>1, MAF<=0.01]	EUR
cytosnp-850k-v1.2	3591663	0.706691124042583	0.0477950040446963	0.537773572259862	0.0546277984126311	(MAF>0.01, MAF<=0.05]	EUR
cytosnp-850k-v1.2	11264756	0.855166693297106	0.0320187040066096	0.779563262982748	0.0392851542822626	(MAF>0.01, MAF<=0.5]	EUR
cytosnp-850k-v1.2	7673093	0.925032165406621	0.0239138872745308	0.893221549934578	0.030826084841701	(MAF<0.05, MAF<=0.5]	EUR
global-screening-array-v.3	7369803	0.422648693965642	0.0491971235849201	0.229245183303732	0.041874644456856	(AC>1, MAF<=0.01]	EUR
global-screening-array-v.3	3591663	0.720437441873517	0.0514323225897401	0.574672940027064	0.0621712195894048	(MAF>0.01, MAF<=0.05]	EUR
global-screening-array-v.3	11264756	0.834249700571144	0.0391016008350553	0.753958272104484	0.0557970153499859	(MAF>0.01, MAF<=0.5]	EUR
global-screening-array-v.3	7673093	0.887827191250345	0.0328205926139664	0.838214078772995	0.0521653104673946	(MAF<0.05, MAF<=0.5]	EUR
human-cytosnp-12-v2.1	7369803	0.336901500737423	0.0459132067396797	0.158254311871606	0.0303803619213352	(AC>1, MAF<=0.01]	EUR
human-cytosnp-12-v2.1	3591663	0.563262088484178	0.0590293253411796	0.326349313294731	0.0573001148063291	(MAF>0.01, MAF<=0.05]	EUR
human-cytosnp-12-v2.1	11264756	0.760754284804833	0.0450049104361779	0.629664198715897	0.0603252264697396	(MAF>0.01, MAF<=0.5]	EUR
human-cytosnp-12-v2.1	7673093	0.853618340644947	0.0372137682272478	0.772070342970564	0.059997054292892	(MAF<0.05, MAF<=0.5]	EUR
infinium-core-v1.2	7369803	0.351998414060166	0.0532626492784189	0.175753574662761	0.0398222680770622	(AC>1, MAF<=0.01]	EUR
infinium-core-v1.2	3591663	0.581248785133836	0.0674285358955344	0.358365702974263	0.071783635864694	(MAF>0.01, MAF<=0.05]	EUR
infinium-core-v1.2	11264756	0.775533622631033	0.049092015705787	0.655677800263051	0.0644687092045579	(MAF>0.01, MAF<=0.5]	EUR
infinium-core-v1.2	7673093	0.866944178697393	0.0390424861490483	0.795367818694437	0.0588733682269844	(MAF<0.05, MAF<=0.5]	EUR
infinium-global-diversity-array-v1.0	7369803	0.505653913209707	0.0403305566617144	0.334551517824469	0.0362643281789984	(AC>1, MAF<=0.01]	EUR
infinium-global-diversity-array-v1.0	3591663	0.760544851357483	0.0445113537769217	0.63271470147548	0.0557508686569907	(MAF>0.01, MAF<=0.05]	EUR
infinium-global-diversity-array-v1.0	11264756	0.881564506027218	0.0294738313988435	0.82772998822435	0.0369451327859951	(MAF>0.01, MAF<=0.5]	EUR
infinium-global-diversity-array-v1.0	7673093	0.938563742018532	0.0216367099125078	0.919484349627554	0.0269772158998775	(MAF<0.05, MAF<=0.5]	EUR
infinium-omni2.5.v1.5	7369803	0.525270266021219	0.0399621455043543	0.360104771921512	0.0364694173262053	(AC>1, MAF<=0.01]	EUR
infinium-omni2.5.v1.5	3591663	0.773099400510079	0.0450857475789173	0.655934086423047	0.0536681857627125	(MAF>0.01, MAF<=0.05]	EUR
infinium-omni2.5.v1.5	11264756	0.890971626595535	0.0285593291097641	0.84087119798512	0.0338294988184487	(MAF>0.01, MAF<=0.5]	EUR
infinium-omni2.5.v1.5	7673093	0.946488560814239	0.0204559433802063	0.927879115746184	0.0239446139138933	(MAF<0.05, MAF<=0.5]	EUR
infinium-omni5-v1.2	7369803	0.602818941044241	0.0403589285409301	0.466718048686607	0.0400032741509576	(AC>1, MAF<=0.01]	EUR
infinium-omni5-v1.2	3591663	0.834669023059582	0.0393211558307192	0.773802017478082	0.0471448135253448	(MAF>0.01, MAF<=0.05]	EUR
infinium-omni5-v1.2	11264756	0.917608907530197	0.0247962117684237	0.888507515265225	0.0293543305030915	(MAF>0.01, MAF<=0.5]	EUR
infinium-omni5-v1.2	7673093	0.956722679015163	0.0174446570679139	0.942553281374787	0.0204091288910648	(MAF<0.05, MAF<=0.5]	EUR
GenomeWideSNP_6.0	7369803	0.444281563907122	0.0497907443379656	0.273145884487946	0.0429535658766551	(AC>1, MAF<=0.01]	EUR
GenomeWideSNP_6.0	3591663	0.682775096264763	0.0591612728669548	0.505038939665348	0.069433289576642	(MAF>0.01, MAF<=0.05]	EUR
GenomeWideSNP_6.0	11264756	0.838197097492263	0.0411449682581512	0.751269471754471	0.0564341611742807	(MAF>0.01, MAF<=0.5]	EUR
GenomeWideSNP_6.0	7673093	0.911352395728148	0.031868408356329	0.867013123619909	0.0492127883747866	(MAF<0.05, MAF<=0.5]	EUR
Axiom_GW_ASI	9005809	0.362622549908435	0.0612686221251467	0.192943485516536	0.0443781577804947	(AC>1, MAF<=0.01]	SAS
Axiom_GW_ASI	3996466	0.613598523117466	0.079337296056797	0.426094109652769	0.0801722768677324	(MAF>0.01, MAF<=0.05]	SAS
Axiom_GW_ASI	11889395	0.782584140290847	0.0686996101613428	0.682426311609204	0.0872462702571811	(MAF>0.01, MAF<=0.5]	SAS
Axiom_GW_ASI	7892929	0.868641304609936	0.0626311585836811	0.812736806449852	0.0899814000418973	(MAF<0.05, MAF<=0.5]	SAS
Axiom_GW_CHB	9005809	0.364379930264733	0.0290213758371137	0.189552332022681	0.0220981688526981	(AC>1, MAF<=0.01]	SAS
Axiom_GW_CHB	3996466	0.616877318632903	0.0402736787097889	0.412003315041758	0.042064080535006	(MAF>0.01, MAF<=0.05]	SAS
Axiom_GW_CHB	11889395	0.792649664526669	0.0302934338188611	0.682592441483969	0.0355658967070871	(MAF>0.01, MAF<=0.5]	SAS
Axiom_GW_CHB	7892929	0.882127031457691	0.0254346021330536	0.820226720841127	0.0322903645409326	(MAF<0.05, MAF<=0.5]	SAS
Axiom_GW_EUR	9005809	0.374213416271424	0.0668374383918589	0.204389821756734	0.0491869112517098	(AC>1, MAF<=0.01]	SAS
Axiom_GW_EUR	3996466	0.626663096761424	0.0855987504154361	0.445587518229594	0.0898367405299924	(MAF>0.01, MAF<=0.05]	SAS
Axiom_GW_EUR	11889395	0.786127923878116	0.074928392859346	0.689349560387377	0.095310921725576	(MAF>0.01, MAF<=0.5]	SAS
Axiom_GW_EUR	7892929	0.867353863459242	0.0687347977326979	0.813285483394078	0.0972494432675634	(MAF<0.05, MAF<=0.5]	SAS
Axiom_GW_PanAFR	9005809	0.425033144143961	0.0305804772454385	0.249472811279738	0.0250271571021347	(AC>1, MAF<=0.01]	SAS
Axiom_GW_PanAFR	3996466	0.696730250256321	0.0380484649778031	0.530176020699704	0.0406111398993584	(MAF>0.01, MAF<=0.05]	SAS
Axiom_GW_PanAFR	11889395	0.8509145195526	0.0278449092827539	0.775925623754533	0.0315738054857076	(MAF>0.01, MAF<=0.5]	SAS
Axiom_GW_PanAFR	7892929	0.929423214303946	0.0226671278409763	0.900976283990608	0.0264874873939679	(MAF<0.05, MAF<=0.5]	SAS
Axiom_JAPONICA	9005809	0.390489285880627	0.0388550957950744	0.206574796051382	0.0303966301000699	(AC>1, MAF<=0.01]	SAS
Axiom_JAPONICA	3996466	0.641190111069822	0.0479399519789738	0.435059519051949	0.0540266502213589	(MAF>0.01, MAF<=0.05]	SAS
Axiom_JAPONICA	11889395	0.814926151943329	0.032380057169186	0.721530136976889	0.0425062700043109	(MAF>0.01, MAF<=0.5]	SAS
Axiom_JAPONICA	7892929	0.903467611607838	0.0236728023335319	0.867326466912829	0.0352135279556578	(MAF<0.05, MAF<=0.5]	SAS
infinium-omnizhonghua-v1.4	9005809	0.430075191114156	0.0344283615015776	0.250475140241544	0.0282085116967161	(AC>1, MAF<=0.01]	SAS
infinium-omnizhonghua-v1.4	3996466	0.69866554041053	0.04196141646075	0.530974221181588	0.0470075924070423	(MAF>0.01, MAF<=0.05]	SAS
infinium-omnizhonghua-v1.4	11889395	0.850343440740848	0.0307256580568856	0.777311452431044	0.0361589554800965	(MAF>0.01, MAF<=0.5]	SAS
infinium-omnizhonghua-v1.4	7892929	0.927586698147659	0.0250868401743282	0.902663439469037	0.0306005472063244	(MAF<0.05, MAF<=0.5]	SAS
infinium-psycharray-v1.3	9005809	0.329817361142466	0.0384578803332422	0.157977741201947	0.0265777997391478	(AC>1, MAF<=0.01]	SAS
infinium-psycharray-v1.3	3996466	0.569084778114822	0.0544809154333099	0.341391467184751	0.0561900189317977	(MAF>0.01, MAF<=0.05]	SAS
infinium-psycharray-v1.3	11889395	0.762527823604164	0.0437211930107552	0.635795677762823	0.0563995585246022	(MAF>0.01, MAF<=0.5]	SAS
infinium-psycharray-v1.3	7892929	0.861008454678968	0.0374999283368822	0.785503750179504	0.0549605436788629	(MAF<0.05, MAF<=0.5]	SAS
japanese-screening-array-v1.0	9005809	0.355207474944329	0.0367660510696082	0.178208526324016	0.0271025483913243	(AC>1, MAF<=0.01]	SAS
japanese-screening-array-v1.0	3996466	0.605855457043682	0.0474765203002922	0.385471840502968	0.0508126379682447	(MAF>0.01, MAF<=0.05]	SAS
japanese-screening-array-v1.0	11889395	0.782875096672707	0.0348708527027023	0.660317298203623	0.047572055900964	(MAF>0.01, MAF<=0.5]	SAS
japanese-screening-array-v1.0	7892929	0.873008127722113	0.0279643850551225	0.800119181691591	0.0450163427940812	(MAF<0.05, MAF<=0.5]	SAS
multi-ethnic-eur-eas-sas-v1.0	9005809	0.438109746597196	0.0372412603790083	0.261269705633113	0.0320273834594942	(AC>1, MAF<=0.01]	SAS
multi-ethnic-eur-eas-sas-v1.0	3996466	0.718123056186996	0.0470363019364436	0.572575768968962	0.0566000310226117	(MAF>0.01, MAF<=0.05]	SAS
multi-ethnic-eur-eas-sas-v1.0	11889395	0.851044449466176	0.0356827800333357	0.784558377490997	0.0444246561755105	(MAF>0.01, MAF<=0.5]	SAS
multi-ethnic-eur-eas-sas-v1.0	7892929	0.91876787043544	0.0299527099490957	0.892495944069911	0.0378599958578742	(MAF<0.05, MAF<=0.5]	SAS
multi-ethnic-global-v1.0	9005809	0.439128424119667	0.0365088079254698	0.262356758593318	0.03095153980796	(AC>1, MAF<=0.01]	SAS
multi-ethnic-global-v1.0	3996466	0.721896861004615	0.0458411362769662	0.576500645144757	0.0554246017163831	(MAF>0.01, MAF<=0.05]	SAS
multi-ethnic-global-v1.0	11889395	0.854821714160344	0.0340763664215736	0.788574739665615	0.0428137575880502	(MAF>0.01, MAF<=0.5]	SAS
multi-ethnic-global-v1.0	7892929	0.92255531001301	0.0282719386633789	0.896565793658258	0.0362121154825742	(MAF<0.05, MAF<=0.5]	SAS
oncoarray-500k	9005809	0.34468301620018	0.0385830257161	0.171917405157916	0.0276896979372395	(AC>1, MAF<=0.01]	SAS
oncoarray-500k	3996466	0.589799011086196	0.0529720136927896	0.373890370687816	0.0556586350891677	(MAF>0.01, MAF<=0.05]	SAS
oncoarray-500k	11889395	0.774544854968717	0.0422302417897902	0.657633792923341	0.0546347763656315	(MAF>0.01, MAF<=0.5]	SAS
oncoarray-500k	7892929	0.868586919313149	0.0364963707860905	0.801916249454046	0.0535205745361434	(MAF<0.05, MAF<=0.5]	SAS
Axiom_PMDA	9005809	0.391330515383814	0.0262205743648001	0.213783689093292	0.0212555080955804	(AC>1, MAF<=0.01]	SAS
Axiom_PMDA	3996466	0.669963417208797	0.0325853075892666	0.489430468060914	0.0387216403496088	(MAF>0.01, MAF<=0.05]	SAS
Axiom_PMDA	11889395	0.827564673361698	0.0226050500809544	0.745801898674457	0.0291105770894395	(MAF>0.01, MAF<=0.5]	SAS
Axiom_PMDA	7892929	0.907771701617824	0.0173794582800907	0.876189206593114	0.023853119393781	(MAF<0.05, MAF<=0.5]	SAS
Axiom_PMRA	9005809	0.381250072824395	0.0343686873205474	0.206638504577867	0.0265396816635471	(AC>1, MAF<=0.01]	SAS
Axiom_PMRA	3996466	0.646638364303899	0.0424812043097361	0.456872826243172	0.0442722982181043	(MAF>0.01, MAF<=0.05]	SAS
Axiom_PMRA	11889395	0.812803417747238	0.0310646413196685	0.725290902441978	0.0376836248450512	(MAF>0.01, MAF<=0.5]	SAS
Axiom_PMRA	7892929	0.8973906619433	0.0248987648228192	0.861815116949455	0.0334737039673341	(MAF<0.05, MAF<=0.5]	SAS
Axiom_UKB_WCSG	9005809	0.410065676295331	0.0320291703292864	0.23048538008631	0.0259941873437758	(AC>1, MAF<=0.01]	SAS
Axiom_UKB_WCSG	3996466	0.675141555011065	0.0393347340026805	0.491593233257318	0.0430124934012372	(MAF>0.01, MAF<=0.05]	SAS
Axiom_UKB_WCSG	11889395	0.828144538131139	0.0288717071299851	0.750037379817308	0.0349784421354673	(MAF>0.01, MAF<=0.5]	SAS
Axiom_UKB_WCSG	7892929	0.906037579596623	0.0232885649974099	0.881504678716088	0.0298995817207219	(MAF<0.05, MAF<=0.5]	SAS
chinese-genotyping-array-v1.0	9005809	0.379065882237509	0.0356815634714834	0.199769715168124	0.0280828434065464	(AC>1, MAF<=0.01]	SAS
chinese-genotyping-array-v1.0	3996466	0.642935096753879	0.0457087958489736	0.448726937388895	0.0501004777628605	(MAF>0.01, MAF<=0.05]	SAS
chinese-genotyping-array-v1.0	11889395	0.813897046030838	0.034625144131892	0.721836444418626	0.0434629895955925	(MAF>0.01, MAF<=0.5]	SAS
chinese-genotyping-array-v1.0	7892929	0.90094350808704	0.0286766301678491	0.860760814106983	0.0392874213308716	(MAF<0.05, MAF<=0.5]	SAS
cytosnp-850k-v1.2	9005809	0.40082390124366	0.0338664597752841	0.221980415907814	0.0272145800623805	(AC>1, MAF<=0.01]	SAS
cytosnp-850k-v1.2	3996466	0.665103244872232	0.0446594938173646	0.480946311344456	0.05037596554185	(MAF>0.01, MAF<=0.05]	SAS
cytosnp-850k-v1.2	11889395	0.828259995108207	0.0338999287734906	0.741309466395755	0.0423379358051932	(MAF>0.01, MAF<=0.5]	SAS
cytosnp-850k-v1.2	7892929	0.911339203568697	0.0286765113191112	0.873772619627989	0.0379680502303032	(MAF<0.05, MAF<=0.5]	SAS
global-screening-array-v.3	9005809	0.367391879286132	0.0413715602629152	0.190383846309118	0.0311954664822705	(AC>1, MAF<=0.01]	SAS
global-screening-array-v.3	3996466	0.617442017373778	0.0528386181913466	0.40505501409601	0.0582347755591444	(MAF>0.01, MAF<=0.05]	SAS
global-screening-array-v.3	11889395	0.783475630862764	0.0413786621934701	0.669163820241825	0.0579158575002977	(MAF>0.01, MAF<=0.5]	SAS
global-screening-array-v.3	7892929	0.868041049895038	0.035462460330649	0.803501369420297	0.0570359782921075	(MAF<0.05, MAF<=0.5]	SAS
human-cytosnp-12-v2.1	9005809	0.292435588861391	0.0378905892916884	0.127072488438491	0.0227714787948724	(AC>1, MAF<=0.01]	SAS
human-cytosnp-12-v2.1	3996466	0.515837113120877	0.0550069737702848	0.276339512992413	0.0482846703222246	(MAF>0.01, MAF<=0.05]	SAS
human-cytosnp-12-v2.1	11889395	0.721775381980709	0.0458084763004731	0.573093389394332	0.0584178606722354	(MAF>0.01, MAF<=0.5]	SAS
human-cytosnp-12-v2.1	7892929	0.826579142121638	0.0406155894079482	0.723944805429882	0.0627799946594427	(MAF<0.05, MAF<=0.5]	SAS
infinium-core-v1.2	9005809	0.301449133997967	0.0448546658974223	0.136175470114853	0.0298531476433376	(AC>1, MAF<=0.01]	SAS
infinium-core-v1.2	3996466	0.532555900424571	0.0637411868932412	0.300230212958488	0.0627428230647679	(MAF>0.01, MAF<=0.05]	SAS
infinium-core-v1.2	11889395	0.739057564579854	0.0512166598087682	0.604135239179177	0.0656175554949319	(MAF>0.01, MAF<=0.5]	SAS
infinium-core-v1.2	7892929	0.844189828075777	0.0439152477956375	0.758641648371853	0.0654160580569509	(MAF<0.05, MAF<=0.5]	SAS
infinium-global-diversity-array-v1.0	9005809	0.44194773498956	0.0355186912937111	0.265718822901661	0.0296333130336844	(AC>1, MAF<=0.01]	SAS
infinium-global-diversity-array-v1.0	3996466	0.726146338976448	0.0431883579442243	0.581809725016171	0.0523668347384035	(MAF>0.01, MAF<=0.05]	SAS
infinium-global-diversity-array-v1.0	11889395	0.858879113395325	0.0308181611347861	0.793815866242622	0.039102738427987	(MAF>0.01, MAF<=0.5]	SAS
infinium-global-diversity-array-v1.0	7892929	0.926509094794119	0.0244888021990431	0.901757444180647	0.0320507156602144	(MAF<0.05, MAF<=0.5]	SAS
infinium-omni2.5.v1.5	9005809	0.460319387268319	0.0349744837904015	0.286454256016256	0.0301776050304289	(AC>1, MAF<=0.01]	SAS
infinium-omni2.5.v1.5	3996466	0.731344798254927	0.0407697264176704	0.584583440449788	0.0467491017205043	(MAF>0.01, MAF<=0.05]	SAS
infinium-omni2.5.v1.5	11889395	0.867786686706136	0.0293538501806053	0.803417078376173	0.0342243189674438	(MAF>0.01, MAF<=0.5]	SAS
infinium-omni2.5.v1.5	7892929	0.937283528155877	0.023765029043063	0.914794956319741	0.027887890978687	(MAF<0.05, MAF<=0.5]	SAS
infinium-omni5-v1.2	9005809	0.505304393396869	0.0345162378974227	0.345493274436337	0.0315892921054895	(AC>1, MAF<=0.01]	SAS
infinium-omni5-v1.2	3996466	0.769208257855944	0.0383477572211581	0.650795860358383	0.0456500652069127	(MAF>0.01, MAF<=0.05]	SAS
infinium-omni5-v1.2	11889395	0.88728528152018	0.0262883083392496	0.834439735599943	0.0314512346616614	(MAF>0.01, MAF<=0.5]	SAS
infinium-omni5-v1.2	7892929	0.947464879731512	0.020326940387332	0.927962902086695	0.0242246894775609	(MAF<0.05, MAF<=0.5]	SAS
GenomeWideSNP_6.0	9005809	0.383467753292083	0.0437593737783146	0.210173571650145	0.0346575646767796	(AC>1, MAF<=0.01]	SAS
GenomeWideSNP_6.0	3996466	0.647148101519907	0.056566606968162	0.461564450390316	0.0640479149330148	(MAF>0.01, MAF<=0.05]	SAS
GenomeWideSNP_6.0	11889395	0.813060642811085	0.0436255789755296	0.716799148526975	0.05927289445493	(MAF>0.01, MAF<=0.5]	SAS
GenomeWideSNP_6.0	7892929	0.897534352632573	0.0366892870923443	0.846636772923011	0.0561639420906323	(MAF<0.05, MAF<=0.5]	SAS
Axiom_GW_ASI	9212768	0.617930751639266	0.0754189661410052	0.457248013357293	0.0812950653787913	(AC>1, MAF<=0.01]	AMR
Axiom_GW_ASI	4994212	0.715709689527266	0.0773144450450659	0.565141662202028	0.101801265530537	(MAF>0.01, MAF<=0.05]	AMR
Axiom_GW_ASI	12895440	0.821842914611984	0.0640642390908908	0.733874640848215	0.0907890920258002	(MAF>0.01, MAF<=0.5]	AMR
Axiom_GW_ASI	7901228	0.889385520281282	0.0550371640441784	0.841142610688475	0.0828006770092634	(MAF<0.05, MAF<=0.5]	AMR
Axiom_GW_CHB	9212768	0.627003575114543	0.0406572494581054	0.456672024027627	0.0435009489141245	(AC>1, MAF<=0.01]	AMR
Axiom_GW_CHB	4994212	0.726449799630542	0.038717716201373	0.560837928510943	0.0496096992563537	(MAF>0.01, MAF<=0.05]	AMR
Axiom_GW_CHB	12895440	0.834978721620863	0.0292148849406324	0.742758726008487	0.037635474924848	(MAF>0.01, MAF<=0.5]	AMR
Axiom_GW_CHB	7901228	0.904008141933073	0.0227411303418241	0.858359369283012	0.0290729400280873	(MAF<0.05, MAF<=0.5]	AMR
Axiom_GW_EUR	9212768	0.614301547935483	0.0828772065201526	0.447133976948447	0.088651993681278	(AC>1, MAF<=0.01]	AMR
Axiom_GW_EUR	4994212	0.720200167559257	0.0837968345987678	0.574805840229064	0.112608455226889	(MAF>0.01, MAF<=0.05]	AMR
Axiom_GW_EUR	12895440	0.823283468888143	0.0698103221967722	0.738604838144258	0.0991279092799425	(MAF>0.01, MAF<=0.5]	AMR
Axiom_GW_EUR	7901228	0.888906327348329	0.0603430256667866	0.842803068618852	0.0898143824765368	(MAF<0.05, MAF<=0.5]	AMR
Axiom_GW_PanAFR	9212768	0.716763420102385	0.0359219895921812	0.601335836094129	0.0384365720439609	(AC>1, MAF<=0.01]	AMR
Axiom_GW_PanAFR	4994212	0.798951797853334	0.0337274952049779	0.691741794867451	0.0390057764061544	(MAF>0.01, MAF<=0.05]	AMR
Axiom_GW_PanAFR	12895440	0.884873289598964	0.0256518262313099	0.828127585406134	0.0301039762746304	(MAF>0.01, MAF<=0.5]	AMR
Axiom_GW_PanAFR	7901228	0.939519010690733	0.0204167854392328	0.914789842258681	0.0239180944598626	(MAF<0.05, MAF<=0.5]	AMR
Axiom_JAPONICA	9212768	0.633680441393094	0.0451377396593747	0.456675755598083	0.0492393563604448	(AC>1, MAF<=0.01]	AMR
Axiom_JAPONICA	4994212	0.735778845558557	0.0436229715217376	0.574025551124747	0.0623962827334511	(MAF>0.01, MAF<=0.05]	AMR
Axiom_JAPONICA	12895440	0.847620155420645	0.030669390478339	0.769405516620742	0.0443777112408065	(MAF>0.01, MAF<=0.5]	AMR
Axiom_JAPONICA	7901228	0.918798290556184	0.0216108050141316	0.893645910800577	0.0313128774325599	(MAF<0.05, MAF<=0.5]	AMR
infinium-omnizhonghua-v1.4	9212768	0.694909298298932	0.0406162591196526	0.559279779441397	0.0434455633223659	(AC>1, MAF<=0.01]	AMR
infinium-omnizhonghua-v1.4	4994212	0.79168251883097	0.0376450967141713	0.684556527213839	0.0472578706993126	(MAF>0.01, MAF<=0.05]	AMR
infinium-omnizhonghua-v1.4	12895440	0.881659655056353	0.0282921642699465	0.82748095672693	0.034855969319922	(MAF>0.01, MAF<=0.5]	AMR
infinium-omnizhonghua-v1.4	7901228	0.938898230748483	0.0223925884167189	0.918332895333149	0.0268544269781118	(MAF<0.05, MAF<=0.5]	AMR
infinium-psycharray-v1.3	9212768	0.594130246876358	0.0504433185052178	0.40681099457365	0.0538510140247432	(AC>1, MAF<=0.01]	AMR
infinium-psycharray-v1.3	4994212	0.691913197400238	0.0507490205410271	0.493934854558408	0.0706039916433119	(MAF>0.01, MAF<=0.05]	AMR
infinium-psycharray-v1.3	12895440	0.81261791033225	0.0398008690861624	0.701459777932892	0.0579592581473175	(MAF>0.01, MAF<=0.5]	AMR
infinium-psycharray-v1.3	7901228	0.889362421714636	0.0321361300785152	0.833320494165517	0.0482961536601755	(MAF<0.05, MAF<=0.5]	AMR
japanese-screening-array-v1.0	9212768	0.60668574681065	0.0465602485076257	0.417697318704136	0.0506733167393785	(AC>1, MAF<=0.01]	AMR
japanese-screening-array-v1.0	4994212	0.712110411546595	0.0443792603057451	0.520515828652257	0.0608169785982468	(MAF>0.01, MAF<=0.05]	AMR
japanese-screening-array-v1.0	12895440	0.825420982095464	0.0331582831348731	0.720745866461197	0.0494031872355342	(MAF>0.01, MAF<=0.5]	AMR
japanese-screening-array-v1.0	7901228	0.897484172140632	0.025222599416519	0.847968781346528	0.0405971925192157	(MAF<0.05, MAF<=0.5]	AMR
multi-ethnic-eur-eas-sas-v1.0	9212768	0.692789669712444	0.0445860254218163	0.552963179417691	0.0512261087028747	(AC>1, MAF<=0.01]	AMR
multi-ethnic-eur-eas-sas-v1.0	4994212	0.797122821166102	0.0423360342836958	0.698965502665854	0.0561215950985891	(MAF>0.01, MAF<=0.05]	AMR
multi-ethnic-eur-eas-sas-v1.0	12895440	0.880076520655707	0.0324809429838128	0.830850871676898	0.0413771653132255	(MAF>0.01, MAF<=0.5]	AMR
multi-ethnic-eur-eas-sas-v1.0	7901228	0.932857310928877	0.0262282266194555	0.914723912521122	0.031697306815883	(MAF<0.05, MAF<=0.5]	AMR
multi-ethnic-global-v1.0	9212768	0.704372054243151	0.0426768382532434	0.571097433560173	0.0494574972678715	(AC>1, MAF<=0.01]	AMR
multi-ethnic-global-v1.0	4994212	0.805291149501903	0.0403974553430333	0.709944173646941	0.0538966613150016	(MAF>0.01, MAF<=0.05]	AMR
multi-ethnic-global-v1.0	12895440	0.885605028479034	0.0309170681772995	0.837621597626047	0.0395115923406973	(MAF>0.01, MAF<=0.5]	AMR
multi-ethnic-global-v1.0	7901228	0.936704494370677	0.0249261979691336	0.918818219445394	0.0301343085760788	(MAF<0.05, MAF<=0.5]	AMR
oncoarray-500k	9212768	0.604468593641946	0.0507149516908177	0.420737002377962	0.0547195995658906	(AC>1, MAF<=0.01]	AMR
oncoarray-500k	4994212	0.70616985047422	0.0496689167785018	0.524068384902131	0.0684433371709012	(MAF>0.01, MAF<=0.05]	AMR
oncoarray-500k	12895440	0.82150894515481	0.0387772299157639	0.720516854223785	0.0557533594527472	(MAF>0.01, MAF<=0.5]	AMR
oncoarray-500k	7901228	0.894853996248115	0.0312618286458815	0.845355831568839	0.0462947381468868	(MAF<0.05, MAF<=0.5]	AMR
Axiom_PMDA	9212768	0.679349453220114	0.0292377911015415	0.53102052461061	0.0296509544562069	(AC>1, MAF<=0.01]	AMR
Axiom_PMDA	4994212	0.790315423272569	0.026192682871095	0.684864423702294	0.0314558004311345	(MAF>0.01, MAF<=0.05]	AMR
Axiom_PMDA	12895440	0.87443218793043	0.0194197308357042	0.823354050645371	0.0232368218935468	(MAF>0.01, MAF<=0.5]	AMR
Axiom_PMDA	7901228	0.927877822154724	0.015076930572495	0.911274280824703	0.0180872289934416	(MAF<0.05, MAF<=0.5]	AMR
Axiom_PMRA	9212768	0.66671756297293	0.0395427259004669	0.516901838920364	0.0421537619633239	(AC>1, MAF<=0.01]	AMR
Axiom_PMRA	4994212	0.767810004876626	0.0374354103378118	0.642080720233442	0.0480886150286576	(MAF>0.01, MAF<=0.05]	AMR
Axiom_PMRA	12895440	0.859660761240521	0.0286493580574734	0.796867712695067	0.0374432123294572	(MAF>0.01, MAF<=0.5]	AMR
Axiom_PMRA	7901228	0.918071469885935	0.0227605692314705	0.895229423806905	0.0298621477139444	(MAF<0.05, MAF<=0.5]	AMR
Axiom_UKB_WCSG	9212768	0.651216478165366	0.0383116760592134	0.474254984348668	0.0405558846576708	(AC>1, MAF<=0.01]	AMR
Axiom_UKB_WCSG	4994212	0.769501858951236	0.0360191505715215	0.644000262607202	0.0488293191833667	(MAF>0.01, MAF<=0.05]	AMR
Axiom_UKB_WCSG	12895440	0.864004444595741	0.0269957823616771	0.807154809297751	0.0351686188995983	(MAF>0.01, MAF<=0.5]	AMR
Axiom_UKB_WCSG	7901228	0.924117275944094	0.0209077598507339	0.910907625361039	0.0254504185358116	(MAF<0.05, MAF<=0.5]	AMR
chinese-genotyping-array-v1.0	9212768	0.640297355671305	0.0425013157317295	0.470768708021624	0.0471595880855198	(AC>1, MAF<=0.01]	AMR
chinese-genotyping-array-v1.0	4994212	0.745066982938818	0.0412610340654989	0.596333143250863	0.0557750854754289	(MAF>0.01, MAF<=0.05]	AMR
chinese-genotyping-array-v1.0	12895440	0.850233682925344	0.0318369433196626	0.773973928532922	0.0429584657073739	(MAF>0.01, MAF<=0.5]	AMR
chinese-genotyping-array-v1.0	7901228	0.917102404155727	0.0254645668512328	0.886852807904803	0.0338964838993921	(MAF<0.05, MAF<=0.5]	AMR
cytosnp-850k-v1.2	9212768	0.67256492982394	0.0412176516391331	0.524984738796231	0.0453068159988579	(AC>1, MAF<=0.01]	AMR
cytosnp-850k-v1.2	4994212	0.768237551746821	0.0403272670054144	0.639764467385215	0.052692595660969	(MAF>0.01, MAF<=0.05]	AMR
cytosnp-850k-v1.2	12895440	0.865414189865163	0.0308364790048298	0.797896126296653	0.0401141382671364	(MAF>0.01, MAF<=0.5]	AMR
cytosnp-850k-v1.2	7901228	0.927228777544125	0.0247686955984953	0.898405235028671	0.031582443638163	(MAF<0.05, MAF<=0.5]	AMR
global-screening-array-v.3	9212768	0.610407157612265	0.0517812512747226	0.420308326338204	0.0573583433715142	(AC>1, MAF<=0.01]	AMR
global-screening-array-v.3	4994212	0.727128608865829	0.049244044131015	0.558662430312491	0.0722515218565979	(MAF>0.01, MAF<=0.05]	AMR
global-screening-array-v.3	12895440	0.828122086498571	0.0386459197927604	0.737323227167828	0.0587544369933476	(MAF>0.01, MAF<=0.5]	AMR
global-screening-array-v.3	7901228	0.892382628884012	0.0317002674399243	0.85091728019048	0.0493091015396038	(MAF<0.05, MAF<=0.5]	AMR
human-cytosnp-12-v2.1	9212768	0.539424606866295	0.0502913718441814	0.334327038951617	0.046845444790239	(AC>1, MAF<=0.01]	AMR
human-cytosnp-12-v2.1	4994212	0.630437482920226	0.0542702998396765	0.385380262699829	0.0654914062155589	(MAF>0.01, MAF<=0.05]	AMR
human-cytosnp-12-v2.1	12895440	0.770760284913671	0.042971969749995	0.626546071163478	0.0621378626700606	(MAF>0.01, MAF<=0.5]	AMR
human-cytosnp-12-v2.1	7901228	0.859953405671486	0.0351905653369272	0.779675548834914	0.059133536654014	(MAF<0.05, MAF<=0.5]	AMR
infinium-core-v1.2	9212768	0.560258350796238	0.0601294031896838	0.363303987439729	0.0635708972256588	(AC>1, MAF<=0.01]	AMR
infinium-core-v1.2	4994212	0.658024654593355	0.0606775540032366	0.440252456233407	0.0820458959179766	(MAF>0.01, MAF<=0.05]	AMR
infinium-core-v1.2	12895440	0.790558944141624	0.0470101283320563	0.66451824472341	0.068792487294511	(MAF>0.01, MAF<=0.5]	AMR
infinium-core-v1.2	7901228	0.874830733083791	0.0374224371679762	0.807005339601878	0.0584661537405753	(MAF<0.05, MAF<=0.5]	AMR
infinium-global-diversity-array-v1.0	9212768	0.7077334707652	0.0411050854266125	0.575944894801723	0.047095316990627	(AC>1, MAF<=0.01]	AMR
infinium-global-diversity-array-v1.0	4994212	0.809500417498797	0.0371693410984941	0.716036085182901	0.0495466248564028	(MAF>0.01, MAF<=0.05]	AMR
infinium-global-diversity-array-v1.0	12895440	0.889254856340261	0.027951391254961	0.842545243386425	0.0359572886593961	(MAF>0.01, MAF<=0.5]	AMR
infinium-global-diversity-array-v1.0	7901228	0.939990909460685	0.0220846581527669	0.922990431209024	0.0270934789096538	(MAF<0.05, MAF<=0.5]	AMR
infinium-omni2.5.v1.5	9212768	0.727683319360302	0.0404717288101544	0.612572493428954	0.0442451892217912	(AC>1, MAF<=0.01]	AMR
infinium-omni2.5.v1.5	4994212	0.820165340654213	0.0367002573908918	0.734881612462095	0.045017955929436	(MAF>0.01, MAF<=0.05]	AMR
infinium-omni2.5.v1.5	12895440	0.897471138417603	0.0272897354680614	0.852929514712517	0.0326910205521389	(MAF>0.01, MAF<=0.5]	AMR
infinium-omni2.5.v1.5	7901228	0.946667622089783	0.0214494885051503	0.927998497025891	0.0249089697050646	(MAF<0.05, MAF<=0.5]	AMR
infinium-omni5-v1.2	9212768	0.761695418140652	0.0389051939197948	0.665517576478993	0.043024271127124	(AC>1, MAF<=0.01]	AMR
infinium-omni5-v1.2	4994212	0.849775367030744	0.0333356508324161	0.788487305286581	0.039837387428557	(MAF>0.01, MAF<=0.05]	AMR
infinium-omni5-v1.2	12895440	0.914390614352978	0.0244350008881689	0.881314306634429	0.0287909788662445	(MAF>0.01, MAF<=0.5]	AMR
infinium-omni5-v1.2	7901228	0.955521503369129	0.0188813276676604	0.940361066155419	0.0219245504788899	(MAF<0.05, MAF<=0.5]	AMR
GenomeWideSNP_6.0	9212768	0.662800213778996	0.0510391018152142	0.516085206559945	0.0600489964290601	(AC>1, MAF<=0.01]	AMR
GenomeWideSNP_6.0	4994212	0.757053987211155	0.0500249015713421	0.620603098027888	0.0713110024708457	(MAF>0.01, MAF<=0.05]	AMR
GenomeWideSNP_6.0	12895440	0.854490603772763	0.0382523176458176	0.776818838965162	0.0573732175126603	(MAF>0.01, MAF<=0.5]	AMR
GenomeWideSNP_6.0	7901228	0.916457332363483	0.0304015830461426	0.876096534790471	0.0477285602206332	(MAF<0.05, MAF<=0.5]	AMR
Axiom_GW_ASI	15974916	0.461227533651752	0.0715631415713372	0.259524079912633	0.059116128547886	(AC>1, MAF<=0.01]	AFR
Axiom_GW_ASI	8390592	0.6949369648425	0.0861045245003664	0.508170750783099	0.114077799710253	(MAF>0.01, MAF<=0.05]	AFR
Axiom_GW_ASI	19231341	0.770667666460069	0.0778739766515786	0.63935454019528	0.114836325532995	(MAF>0.01, MAF<=0.5]	AFR
Axiom_GW_ASI	10840749	0.829350763865044	0.0714203615295286	0.740941976188629	0.115340983103559	(MAF<0.05, MAF<=0.5]	AFR
Axiom_GW_CHB	15974916	0.464141530689168	0.0401303969622616	0.252354312196745	0.0340141012886635	(AC>1, MAF<=0.01]	AFR
Axiom_GW_CHB	8390592	0.705092440023273	0.0447790812948546	0.487165398154381	0.0603317906365506	(MAF>0.01, MAF<=0.05]	AFR
Axiom_GW_CHB	19231341	0.782447375080409	0.0374964377808828	0.625656576183771	0.0571810285277433	(MAF>0.01, MAF<=0.5]	AFR
Axiom_GW_CHB	10840749	0.842399395678427	0.0316101971300734	0.732934760859283	0.0545281395769948	(MAF<0.05, MAF<=0.5]	AFR
Axiom_GW_EUR	15974916	0.449807724042146	0.0764591320443519	0.250712894684005	0.0614850453474386	(AC>1, MAF<=0.01]	AFR
Axiom_GW_EUR	8390592	0.673073534376733	0.093743848209644	0.46380473046083	0.115692171948951	(MAF>0.01, MAF<=0.05]	AFR
Axiom_GW_EUR	19231341	0.748940817620492	0.0867311794603091	0.596300385072674	0.121434304113224	(MAF>0.01, MAF<=0.5]	AFR
Axiom_GW_EUR	10840749	0.807731233812607	0.081145801794638	0.698887004677913	0.125692139562315	(MAF<0.05, MAF<=0.5]	AFR
Axiom_GW_PanAFR	15974916	0.594954202997699	0.0355975222885899	0.418243162794816	0.0383015782260368	(AC>1, MAF<=0.01]	AFR
Axiom_GW_PanAFR	8390592	0.849796818013177	0.0360122698568696	0.801167391826221	0.0451519689189084	(MAF>0.01, MAF<=0.05]	AFR
Axiom_GW_PanAFR	19231341	0.900202584090003	0.0272586624315934	0.869972182284688	0.0333706096976807	(MAF>0.01, MAF<=0.5]	AFR
Axiom_GW_PanAFR	10840749	0.939294545400522	0.0203511622091575	0.923310061799831	0.0242312641080291	(MAF<0.05, MAF<=0.5]	AFR
Axiom_JAPONICA	15974916	0.465868422495967	0.0435556948873494	0.249677848782401	0.037157126561774	(AC>1, MAF<=0.01]	AFR
Axiom_JAPONICA	8390592	0.702284783876261	0.0477319489066537	0.470061799968232	0.0674236965641071	(MAF>0.01, MAF<=0.05]	AFR
Axiom_JAPONICA	19231341	0.77971160913453	0.0391641877102199	0.616535170560077	0.0647906940390351	(MAF>0.01, MAF<=0.5]	AFR
Axiom_JAPONICA	10840749	0.839732312429467	0.032070506839996	0.729976355970725	0.0622191021951847	(MAF<0.05, MAF<=0.5]	AFR
infinium-omnizhonghua-v1.4	15974916	0.547270418204931	0.0406317553664699	0.354737184849023	0.0383013077970317	(AC>1, MAF<=0.01]	AFR
infinium-omnizhonghua-v1.4	8390592	0.796861785337119	0.0410853297279386	0.695402913171643	0.0582030740683228	(MAF>0.01, MAF<=0.05]	AFR
infinium-omnizhonghua-v1.4	19231341	0.860850003231591	0.0325787561939872	0.801942007405961	0.0460603194909847	(MAF>0.01, MAF<=0.5]	AFR
infinium-omnizhonghua-v1.4	10840749	0.910458443701444	0.0258171671077542	0.884489509076141	0.0365363575713418	(MAF<0.05, MAF<=0.5]	AFR
infinium-psycharray-v1.3	15974916	0.422512315741655	0.0467569777180839	0.207732860236828	0.0354122653009561	(AC>1, MAF<=0.01]	AFR
infinium-psycharray-v1.3	8390592	0.649632987726283	0.0573100969633526	0.376602292546704	0.0721415958638878	(MAF>0.01, MAF<=0.05]	AFR
infinium-psycharray-v1.3	19231341	0.739156377107106	0.0496102474507996	0.535921860133968	0.0744043608603905	(MAF>0.01, MAF<=0.5]	AFR
infinium-psycharray-v1.3	10840749	0.808536048218245	0.0433366525931165	0.659304595433703	0.0757639532945773	(MAF<0.05, MAF<=0.5]	AFR
japanese-screening-array-v1.0	15974916	0.432523018564111	0.0429092954889733	0.215625474241583	0.034708513507602	(AC>1, MAF<=0.01]	AFR
japanese-screening-array-v1.0	8390592	0.665768052015404	0.0512523381943925	0.390422252839654	0.0660157593613424	(MAF>0.01, MAF<=0.05]	AFR
japanese-screening-array-v1.0	19231341	0.747687385406964	0.0430587775035592	0.531646993515596	0.0674430356787418	(MAF>0.01, MAF<=0.5]	AFR
japanese-screening-array-v1.0	10840749	0.811174047118112	0.0362620047418938	0.641001010471428	0.0679489069239779	(MAF<0.05, MAF<=0.5]	AFR
multi-ethnic-eur-eas-sas-v1.0	15974916	0.532526503444584	0.0431454125357463	0.334775350582889	0.0431924624358511	(AC>1, MAF<=0.01]	AFR
multi-ethnic-eur-eas-sas-v1.0	8390592	0.779339916734509	0.0477541282560021	0.652176263372078	0.073352363636808	(MAF>0.01, MAF<=0.05]	AFR
multi-ethnic-eur-eas-sas-v1.0	19231341	0.844608830618248	0.0390443528720162	0.769183441660018	0.0608339330920547	(MAF>0.01, MAF<=0.5]	AFR
multi-ethnic-eur-eas-sas-v1.0	10840749	0.895209487437541	0.0320843532905617	0.859863625094535	0.0509502267497533	(MAF<0.05, MAF<=0.5]	AFR
multi-ethnic-global-v1.0	15974916	0.545548992245974	0.0429124703769764	0.351928288727884	0.0433552291231864	(AC>1, MAF<=0.01]	AFR
multi-ethnic-global-v1.0	8390592	0.801314920436963	0.0448365315604374	0.696541590512394	0.0689047720278364	(MAF>0.01, MAF<=0.05]	AFR
multi-ethnic-global-v1.0	19231341	0.86110719499647	0.0358461583928868	0.799726636360968	0.0556464110153418	(MAF>0.01, MAF<=0.5]	AFR
multi-ethnic-global-v1.0	10840749	0.907469859889455	0.0286705047457659	0.879703122430304	0.0452862024351904	(MAF<0.05, MAF<=0.5]	AFR
oncoarray-500k	15974916	0.428294326933145	0.0480860839805761	0.213294642639713	0.0369456095303731	(AC>1, MAF<=0.01]	AFR
oncoarray-500k	8390592	0.658425784019898	0.0576080528075802	0.39217300368962	0.0736261504986728	(MAF>0.01, MAF<=0.05]	AFR
oncoarray-500k	19231341	0.746852463031476	0.0497668855936787	0.55251796488116	0.0755707728462171	(MAF>0.01, MAF<=0.5]	AFR
oncoarray-500k	10840749	0.815378724735294	0.0434182676676239	0.676693398841856	0.07695350790626	(MAF<0.05, MAF<=0.5]	AFR
Axiom_PMDA	15974916	0.497402569220294	0.0271010243425378	0.281374312324229	0.0245021771011743	(AC>1, MAF<=0.01]	AFR
Axiom_PMDA	8390592	0.784342916253652	0.0277853332389515	0.655009776589886	0.0369748144257107	(MAF>0.01, MAF<=0.05]	AFR
Axiom_PMDA	19231341	0.844252880291061	0.0215740554953236	0.771725884019513	0.0294729677081959	(MAF>0.01, MAF<=0.5]	AFR
Axiom_PMDA	10840749	0.890674852060276	0.0166633961955835	0.862093249295441	0.0240296770854913	(MAF<0.05, MAF<=0.5]	AFR
Axiom_PMRA	15974916	0.487279687317348	0.0359164080575896	0.273549318446836	0.0328241789017075	(AC>1, MAF<=0.01]	AFR
Axiom_PMRA	8390592	0.765424601429467	0.0377183108031252	0.610204160760428	0.0483176383216881	(MAF>0.01, MAF<=0.05]	AFR
Axiom_PMRA	19231341	0.829885652411771	0.030195391806238	0.734214665028236	0.0422677319672169	(MAF>0.01, MAF<=0.5]	AFR
Axiom_PMRA	10840749	0.879855287927856	0.0241620340918134	0.830287935439429	0.0372277161287734	(MAF<0.05, MAF<=0.5]	AFR
Axiom_UKB_WCSG	15974916	0.457832888813845	0.0333564589876702	0.241221320301024	0.0275895864086861	(AC>1, MAF<=0.01]	AFR
Axiom_UKB_WCSG	8390592	0.689837150264549	0.0388971251321635	0.419868204181903	0.0478687514651916	(MAF>0.01, MAF<=0.05]	AFR
Axiom_UKB_WCSG	19231341	0.772585345811542	0.0320722804541979	0.586623192236926	0.0478379703353317	(MAF>0.01, MAF<=0.5]	AFR
Axiom_UKB_WCSG	10840749	0.836716860981115	0.0263529535025832	0.715753176851791	0.0470050130949034	(MAF<0.05, MAF<=0.5]	AFR
chinese-genotyping-array-v1.0	15974916	0.473007708329525	0.040134498923245	0.257992879366145	0.0355535696088915	(AC>1, MAF<=0.01]	AFR
chinese-genotyping-array-v1.0	8390592	0.716878002263696	0.0455708478574174	0.502287645635103	0.0640629413485467	(MAF>0.01, MAF<=0.05]	AFR
chinese-genotyping-array-v1.0	19231341	0.795271171783281	0.0377772258586446	0.65179204337912	0.0605893087937289	(MAF>0.01, MAF<=0.5]	AFR
chinese-genotyping-array-v1.0	10840749	0.856011704595978	0.0315557431267311	0.767576107486602	0.057725792958422	(MAF<0.05, MAF<=0.5]	AFR
cytosnp-850k-v1.2	15974916	0.518572050471412	0.0420477227506971	0.315776417595092	0.0402243353070608	(AC>1, MAF<=0.01]	AFR
cytosnp-850k-v1.2	8390592	0.7662730435819	0.0453795986788263	0.622747914108913	0.0669136829428921	(MAF>0.01, MAF<=0.05]	AFR
cytosnp-850k-v1.2	19231341	0.836254224305966	0.0368534155078758	0.74588918041536	0.0568345612347399	(MAF>0.01, MAF<=0.5]	AFR
cytosnp-850k-v1.2	10840749	0.890503985246457	0.0300400328924158	0.841299350483398	0.0488852656389801	(MAF<0.05, MAF<=0.5]	AFR
global-screening-array-v.3	15974916	0.42509400707152	0.0469395290790732	0.205564117834081	0.0374521676341332	(AC>1, MAF<=0.01]	AFR
global-screening-array-v.3	8390592	0.648703321584989	0.0572777832371656	0.352363414185978	0.0740391936185062	(MAF>0.01, MAF<=0.05]	AFR
global-screening-array-v.3	19231341	0.735504922375817	0.0490920090169193	0.514488472899998	0.0804833434230853	(MAF>0.01, MAF<=0.5]	AFR
global-screening-array-v.3	10840749	0.802768201556933	0.0425152351111686	0.640042999943497	0.0851362115077863	(MAF<0.05, MAF<=0.5]	AFR
human-cytosnp-12-v2.1	15974916	0.367111269993465	0.0450765409525294	0.158829600266545	0.0294292185174507	(AC>1, MAF<=0.01]	AFR
human-cytosnp-12-v2.1	8390592	0.575772220432568	0.0559968608134808	0.261777904480641	0.0502390156757721	(MAF>0.01, MAF<=0.05]	AFR
human-cytosnp-12-v2.1	19231341	0.668239071497665	0.0497709733174047	0.403124619142591	0.0578211460706857	(MAF>0.01, MAF<=0.5]	AFR
human-cytosnp-12-v2.1	10840749	0.739862121161254	0.0449397544387014	0.512556340684098	0.064279390841025	(MAF<0.05, MAF<=0.5]	AFR
infinium-core-v1.2	15974916	0.387258286778462	0.0559636150610447	0.172835463594942	0.0405905988605904	(AC>1, MAF<=0.01]	AFR
infinium-core-v1.2	8390592	0.608951862740275	0.0697812106891305	0.30985491916177	0.0837352669004619	(MAF>0.01, MAF<=0.05]	AFR
infinium-core-v1.2	19231341	0.706585373193484	0.0605889856987495	0.4775821144575	0.0882935756397341	(MAF>0.01, MAF<=0.5]	AFR
infinium-core-v1.2	10840749	0.782246191781534	0.053168844435947	0.607480710068695	0.0912455571615938	(MAF<0.05, MAF<=0.5]	AFR
infinium-global-diversity-array-v1.0	15974916	0.54928189252089	0.041746116109181	0.356972805757177	0.0418287390247152	(AC>1, MAF<=0.01]	AFR
infinium-global-diversity-array-v1.0	8390592	0.805781084920524	0.0426050030225659	0.705257631355145	0.0641804136919543	(MAF>0.01, MAF<=0.05]	AFR
infinium-global-diversity-array-v1.0	19231341	0.865401583222368	0.0331243197887007	0.807433576365002	0.0505247106797589	(MAF>0.01, MAF<=0.5]	AFR
infinium-global-diversity-array-v1.0	10840749	0.91163488517491	0.0255270547902326	0.886632786223094	0.0397551486029895	(MAF<0.05, MAF<=0.5]	AFR
infinium-omni2.5.v1.5	15974916	0.591136150322964	0.0411372939671404	0.418418936146644	0.0417364538600452	(AC>1, MAF<=0.01]	AFR
infinium-omni2.5.v1.5	8390592	0.839137544631025	0.0398460824851512	0.780738860008733	0.0520677447959048	(MAF>0.01, MAF<=0.05]	AFR
infinium-omni2.5.v1.5	19231341	0.891880178534172	0.0307600461285157	0.856001344151022	0.0392732258382908	(MAF>0.01, MAF<=0.5]	AFR
infinium-omni2.5.v1.5	10840749	0.93278677948491	0.0235817682461185	0.914332760526188	0.0293861815148853	(MAF<0.05, MAF<=0.5]	AFR
infinium-omni5-v1.2	15974916	0.613220156365829	0.0384855362843206	0.451681163010781	0.039649973190588	(AC>1, MAF<=0.01]	AFR
infinium-omni5-v1.2	8390592	0.853735369308171	0.0372902248549928	0.804521255944484	0.0469840732970729	(MAF>0.01, MAF<=0.05]	AFR
infinium-omni5-v1.2	19231341	0.903161281576071	0.0281312648315831	0.872105796191113	0.034867718097986	(MAF>0.01, MAF<=0.5]	AFR
infinium-omni5-v1.2	10840749	0.94150386462228	0.0207910547991807	0.924502458227319	0.0253338769412129	(MAF<0.05, MAF<=0.5]	AFR
GenomeWideSNP_6.0	15974916	0.516384924248892	0.0538103146474848	0.317006720298432	0.0534100091062057	(AC>1, MAF<=0.01]	AFR
GenomeWideSNP_6.0	8390592	0.762108861536374	0.0587243149130041	0.62042496369317	0.0923992796365274	(MAF>0.01, MAF<=0.05]	AFR
GenomeWideSNP_6.0	19231341	0.831486074564488	0.0485280688072514	0.736448994765617	0.0815577537527508	(MAF>0.01, MAF<=0.5]	AFR
GenomeWideSNP_6.0	10840749	0.885248073486431	0.0407332820678557	0.826365735607881	0.0733694520941421	(MAF<0.05, MAF<=0.5]	AFR
Axiom_GW_ASI	7863798	0.613765517005297	0.0606539407496461	0.366325327669717	0.0617277503592022	(AC>1, MAF<=0.01]	VNP
Axiom_GW_ASI	2476722	0.799022273182255	0.0612275138717959	0.640517793027578	0.0908527982886437	(MAF>0.01, MAF<=0.05]	VNP
Axiom_GW_ASI	8743919	0.892739557751795	0.0477087832236652	0.827467363550071	0.074907653323387	(MAF>0.01, MAF<=0.5]	VNP
Axiom_GW_ASI	6267197	0.929766107341883	0.0422706813465231	0.901258660589641	0.0686768927577278	(MAF<0.05, MAF<=0.5]	VNP
Axiom_GW_CHB	7863798	0.634831389058643	0.0260996159112964	0.380718155056428	0.0260399260252992	(AC>1, MAF<=0.01]	VNP
Axiom_GW_CHB	2476722	0.834266176251355	0.0238224966057124	0.692521590450833	0.0326647634894033	(MAF>0.01, MAF<=0.05]	VNP
Axiom_GW_CHB	8743919	0.914731187974782	0.0151990023750727	0.86284342067332	0.0209486398498343	(MAF>0.01, MAF<=0.5]	VNP
Axiom_GW_CHB	6267197	0.946487556256536	0.0121030856823291	0.930020807749413	0.0173817523398533	(MAF<0.05, MAF<=0.5]	VNP
Axiom_GW_EUR	7863798	0.603978506592716	0.0659077391741373	0.356133749867839	0.0644612485256225	(AC>1, MAF<=0.01]	VNP
Axiom_GW_EUR	2476722	0.784476167656638	0.0677405748477428	0.614772498020989	0.094553509213156	(MAF>0.01, MAF<=0.05]	VNP
Axiom_GW_EUR	8743919	0.881283422243538	0.0553444305446043	0.809638883282209	0.0836488189826608	(MAF>0.01, MAF<=0.5]	VNP
Axiom_GW_EUR	6267197	0.919526471735703	0.0503068651538233	0.886537629753305	0.0793780568473368	(MAF<0.05, MAF<=0.5]	VNP
Axiom_GW_PanAFR	7863798	0.66222753072245	0.0284914650305678	0.424110216816859	0.0297271336153316	(AC>1, MAF<=0.01]	VNP
Axiom_GW_PanAFR	2476722	0.846349528472424	0.0252371049773075	0.708007364894799	0.0370377311862032	(MAF>0.01, MAF<=0.05]	VNP
Axiom_GW_PanAFR	8743919	0.932187397426491	0.0159174379596461	0.88617408401524	0.0228230392132603	(MAF>0.01, MAF<=0.5]	VNP
Axiom_GW_PanAFR	6267197	0.966087147709024	0.0122919718120296	0.956485285430088	0.0175436615802968	(MAF<0.05, MAF<=0.5]	VNP
Axiom_JAPONICA	7863798	0.661495193210049	0.0350236524183242	0.417227320874135	0.0399814879559414	(AC>1, MAF<=0.01]	VNP
Axiom_JAPONICA	2476722	0.85553578169189	0.0292834938794769	0.746469359848545	0.0526696131377489	(MAF>0.01, MAF<=0.05]	VNP
Axiom_JAPONICA	8743919	0.93334312153183	0.0161403329801488	0.902408512822593	0.0271193137469592	(MAF>0.01, MAF<=0.5]	VNP
Axiom_JAPONICA	6267197	0.964101589190324	0.0108910318445886	0.964004462519476	0.0175369436270883	(MAF<0.05, MAF<=0.5]	VNP
infinium-omnizhonghua-v1.4	7863798	0.672658044762981	0.031255050717667	0.437323731683238	0.0349165702823017	(AC>1, MAF<=0.01]	VNP
infinium-omnizhonghua-v1.4	2476722	0.856147918967242	0.0293376501143381	0.740498712446689	0.0459960532178114	(MAF>0.01, MAF<=0.05]	VNP
infinium-omnizhonghua-v1.4	8743919	0.935331408226678	0.0184537417407984	0.898961152270465	0.0273283094493362	(MAF>0.01, MAF<=0.5]	VNP
infinium-omnizhonghua-v1.4	6267197	0.966624037424602	0.0141383049203533	0.961524751878264	0.0203601041399309	(MAF<0.05, MAF<=0.5]	VNP
infinium-psycharray-v1.3	7863798	0.582706190714499	0.0382384786073164	0.314590726640294	0.0370356553283351	(AC>1, MAF<=0.01]	VNP
infinium-psycharray-v1.3	2476722	0.766543720779442	0.0390383711571569	0.556420978711038	0.0578269641530235	(MAF>0.01, MAF<=0.05]	VNP
infinium-psycharray-v1.3	8743919	0.882990798275194	0.0279683143865406	0.801210799173074	0.0426450918979624	(MAF>0.01, MAF<=0.5]	VNP
infinium-psycharray-v1.3	6267197	0.928976146085036	0.0234738598888212	0.897795126219786	0.0366636622204538	(MAF<0.05, MAF<=0.5]	VNP
japanese-screening-array-v1.0	7863798	0.640220310551662	0.0354101728106258	0.386442797970033	0.0392203468150407	(AC>1, MAF<=0.01]	VNP
japanese-screening-array-v1.0	2476722	0.846341286117586	0.0287511951721788	0.720694735427598	0.0494440373842622	(MAF>0.01, MAF<=0.05]	VNP
japanese-screening-array-v1.0	8743919	0.916842591826078	0.0183983699250487	0.874462085634753	0.0320023958728777	(MAF>0.01, MAF<=0.5]	VNP
japanese-screening-array-v1.0	6267197	0.944694752922887	0.0141745568571658	0.935174778417709	0.0251156886690505	(MAF<0.05, MAF<=0.5]	VNP
multi-ethnic-eur-eas-sas-v1.0	7863798	0.674477797795165	0.0348128109979009	0.442531421436883	0.0391706474062466	(AC>1, MAF<=0.01]	VNP
multi-ethnic-eur-eas-sas-v1.0	2476722	0.865177041009677	0.0321422195301529	0.76844599606254	0.0511552486357122	(MAF>0.01, MAF<=0.05]	VNP
multi-ethnic-eur-eas-sas-v1.0	8743919	0.933531374256209	0.0221584721461826	0.902905608865199	0.0322915141800272	(MAF>0.01, MAF<=0.5]	VNP
multi-ethnic-eur-eas-sas-v1.0	6267197	0.960545122386743	0.0182034181172514	0.956014167265258	0.0251296312511042	(MAF<0.05, MAF<=0.5]	VNP
multi-ethnic-global-v1.0	7863798	0.675373080594696	0.0348494011416071	0.443238067678228	0.0389272309697102	(AC>1, MAF<=0.01]	VNP
multi-ethnic-global-v1.0	2476722	0.867698593468101	0.0315965984449504	0.770851842168493	0.0498496913317348	(MAF>0.01, MAF<=0.05]	VNP
multi-ethnic-global-v1.0	8743919	0.935994062489315	0.0212486989515044	0.90565592445381	0.0307107700791227	(MAF>0.01, MAF<=0.5]	VNP
multi-ethnic-global-v1.0	6267197	0.962984274635263	0.0172023104167723	0.958902536001503	0.0237147250227877	(MAF<0.05, MAF<=0.5]	VNP
oncoarray-500k	7863798	0.591931250341439	0.0383835755506337	0.327929751891023	0.0373648166647015	(AC>1, MAF<=0.01]	VNP
oncoarray-500k	2476722	0.776142784051289	0.0384641147152296	0.578021409783588	0.0567560720834954	(MAF>0.01, MAF<=0.05]	VNP
oncoarray-500k	8743919	0.887778068819113	0.0275134665243364	0.811853891982763	0.0418783428224572	(MAF>0.01, MAF<=0.5]	VNP
oncoarray-500k	6267197	0.931860836941019	0.0232087259653288	0.904099806773522	0.0367444562443757	(MAF<0.05, MAF<=0.5]	VNP
Axiom_PMDA	7863798	0.633885611966299	0.0238906488300389	0.378223292540428	0.0269952201774463	(AC>1, MAF<=0.01]	VNP
Axiom_PMDA	2476722	0.828627132334946	0.0202235035316503	0.670774275559376	0.0418811094614274	(MAF>0.01, MAF<=0.05]	VNP
Axiom_PMDA	8743919	0.918946766263743	0.0104319228355418	0.872078675841894	0.0176492529769227	(MAF>0.01, MAF<=0.5]	VNP
Axiom_PMDA	6267197	0.95451497223394	0.00785852828366399	0.951287513749868	0.0119356393996311	(MAF<0.05, MAF<=0.5]	VNP
Axiom_PMRA	7863798	0.645050454665804	0.0325609891160584	0.396100036796774	0.0350187365880309	(AC>1, MAF<=0.01]	VNP
Axiom_PMRA	2476722	0.842875238271338	0.0286756965403865	0.716082474623902	0.0450250537697577	(MAF>0.01, MAF<=0.05]	VNP
Axiom_PMRA	8743919	0.921749549951737	0.0177282405548481	0.884236535086588	0.0273983485604463	(MAF>0.01, MAF<=0.5]	VNP
Axiom_PMRA	6267197	0.952907636090184	0.0134249272299803	0.950616599151807	0.0206816623817717	(MAF<0.05, MAF<=0.5]	VNP
Axiom_UKB_WCSG	7863798	0.632849892226432	0.0296743014680803	0.376659343831315	0.0292975659259906	(AC>1, MAF<=0.01]	VNP
Axiom_UKB_WCSG	2476722	0.81712476502152	0.0279149859497251	0.65498091370861	0.0417826253077943	(MAF>0.01, MAF<=0.05]	VNP
Axiom_UKB_WCSG	8743919	0.912598293531209	0.0167461683858285	0.864562226835353	0.0252213150354284	(MAF>0.01, MAF<=0.5]	VNP
Axiom_UKB_WCSG	6267197	0.950310533161943	0.0123589769228738	0.947286157388268	0.0189519198745159	(MAF<0.05, MAF<=0.5]	VNP
chinese-genotyping-array-v1.0	7863798	0.637872038723218	0.0351823773187909	0.38726826796826	0.0370351454195122	(AC>1, MAF<=0.01]	VNP
chinese-genotyping-array-v1.0	2476722	0.838141491683766	0.0311933688135395	0.702642342729998	0.0488781585948696	(MAF>0.01, MAF<=0.05]	VNP
chinese-genotyping-array-v1.0	8743919	0.920546450258405	0.0214403460139645	0.875153861993701	0.0316995027414392	(MAF>0.01, MAF<=0.5]	VNP
chinese-genotyping-array-v1.0	6267197	0.953090259485537	0.017657726440628	0.943252362055911	0.0252642248631748	(MAF<0.05, MAF<=0.5]	VNP
cytosnp-850k-v1.2	7863798	0.643341417839441	0.0333644261425624	0.394906631030748	0.035605938728682	(AC>1, MAF<=0.01]	VNP
cytosnp-850k-v1.2	2476722	0.827481237404889	0.0312398036887914	0.674051982587342	0.0475099498983648	(MAF>0.01, MAF<=0.05]	VNP
cytosnp-850k-v1.2	8743919	0.919882121561416	0.0209923570622956	0.867319840254234	0.0311644602411374	(MAF>0.01, MAF<=0.5]	VNP
cytosnp-850k-v1.2	6267197	0.956373529522889	0.0171046033598427	0.943599494908721	0.0254290011059785	(MAF<0.05, MAF<=0.5]	VNP
global-screening-array-v.3	7863798	0.614799717893479	0.0385462277835685	0.351813552835346	0.0402301299113025	(AC>1, MAF<=0.01]	VNP
global-screening-array-v.3	2476722	0.817484758167269	0.0350027894584979	0.661035508163525	0.0566923996051956	(MAF>0.01, MAF<=0.05]	VNP
global-screening-array-v.3	8743919	0.902639318907478	0.024344503895052	0.847560921705478	0.0404266719159426	(MAF>0.01, MAF<=0.5]	VNP
global-screening-array-v.3	6267197	0.936256574085319	0.0203946069702107	0.921149861342557	0.0350865264285044	(MAF<0.05, MAF<=0.5]	VNP
human-cytosnp-12-v2.1	7863798	0.557036448859053	0.0409349249083025	0.282158095384164	0.0387031410273068	(AC>1, MAF<=0.01]	VNP
human-cytosnp-12-v2.1	2476722	0.737556129274868	0.0418875816414563	0.504014621822357	0.0610111007918018	(MAF>0.01, MAF<=0.05]	VNP
human-cytosnp-12-v2.1	8743919	0.863499348184116	0.0303653293395352	0.765507185127367	0.0507727600179711	(MAF>0.01, MAF<=0.5]	VNP
human-cytosnp-12-v2.1	6267197	0.913222090738809	0.0258291138027059	0.868657683225819	0.0470317205639258	(MAF<0.05, MAF<=0.5]	VNP
infinium-core-v1.2	7863798	0.561668367673535	0.0436749490389201	0.290575885114904	0.0422069786030866	(AC>1, MAF<=0.01]	VNP
infinium-core-v1.2	2476722	0.745300610722889	0.0451606192303722	0.520716408853829	0.0654881707090619	(MAF>0.01, MAF<=0.05]	VNP
infinium-core-v1.2	8743919	0.870974834285774	0.032096931339214	0.780133490497667	0.0493801917190147	(MAF>0.01, MAF<=0.5]	VNP
infinium-core-v1.2	6267197	0.920614781753977	0.0267608893455202	0.882509721239563	0.0428426603578523	(MAF<0.05, MAF<=0.5]	VNP
infinium-global-diversity-array-v1.0	7863798	0.678856232283423	0.0334024318762594	0.447979874693022	0.0373611845799859	(AC>1, MAF<=0.01]	VNP
infinium-global-diversity-array-v1.0	2476722	0.870679417953919	0.0286972401635054	0.775592308456641	0.0467581492565769	(MAF>0.01, MAF<=0.05]	VNP
infinium-global-diversity-array-v1.0	8743919	0.938366401814432	0.0182251573034879	0.909409714995345	0.0275085053745311	(MAF>0.01, MAF<=0.5]	VNP
infinium-global-diversity-array-v1.0	6267197	0.965121311081296	0.0140327646352467	0.962265920007589	0.0204056883634173	(MAF<0.05, MAF<=0.5]	VNP
infinium-omni2.5.v1.5	7863798	0.68448296400359	0.0307619696817364	0.456065732558871	0.0346831361191569	(AC>1, MAF<=0.01]	VNP
infinium-omni2.5.v1.5	2476722	0.866899718911252	0.0273048653740312	0.759960151792525	0.0421991803799336	(MAF>0.01, MAF<=0.05]	VNP
infinium-omni2.5.v1.5	8743919	0.94117026981132	0.0174368496523901	0.906970714700529	0.025319311158788	(MAF>0.01, MAF<=0.5]	VNP
infinium-omni2.5.v1.5	6267197	0.970517032467603	0.0135694403858944	0.965010400390741	0.0190948107800565	(MAF<0.05, MAF<=0.5]	VNP
infinium-omni5-v1.2	7863798	0.700830908378349	0.0296300551549492	0.480665780507183	0.0334665431161135	(AC>1, MAF<=0.01]	VNP
infinium-omni5-v1.2	2476722	0.882067611079106	0.0246401688264662	0.789493015164913	0.0392433103804967	(MAF>0.01, MAF<=0.05]	VNP
infinium-omni5-v1.2	8743919	0.9499161296246	0.014628602955682	0.920703296844664	0.0219186048158522	(MAF>0.01, MAF<=0.5]	VNP
infinium-omni5-v1.2	6267197	0.976724499855764	0.0106866357091091	0.972518783309047	0.015578333132841	(MAF<0.05, MAF<=0.5]	VNP
GenomeWideSNP_6.0	7863798	0.625841957890308	0.0415147577662316	0.374643345380181	0.0449173692207385	(AC>1, MAF<=0.01]	VNP
GenomeWideSNP_6.0	2476722	0.812078759748088	0.0392499077104994	0.642776553238134	0.0628132514842259	(MAF>0.01, MAF<=0.05]	VNP
GenomeWideSNP_6.0	8743919	0.908679979089885	0.0269467266891439	0.844525542862006	0.0454114133956529	(MAF>0.01, MAF<=0.5]	VNP
GenomeWideSNP_6.0	6267197	0.946836070562391	0.0220628746787592	0.92415038019586	0.0388038064962852	(MAF<0.05, MAF<=0.5]	VNP
