short_name,"(AC>1, MAF<=0.01].mean_sd_r2.x","(MAF>0.01, MAF<=0.05].mean_sd_r2.x","(MAF>0.01, MAF<=0.5].mean_sd_r2.x","(MAF<0.05, MAF<=0.5].mean_sd_r2.x","(AC>1, MAF<=0.01].mean_sd_r2.y","(MAF>0.01, MAF<=0.05].mean_sd_r2.y","(MAF>0.01, MAF<=0.5].mean_sd_r2.y","(MAF<0.05, MAF<=0.5].mean_sd_r2.y"
CytoSNP-12,0.2172±0.035,0.4508±0.0532,0.7112±0.0452,0.8202±0.0401,0.3369±0.0459,0.5633±0.059,0.7608±0.045,0.8536±0.0372
Infinium_Core,0.2267±0.0403,0.4682±0.0609,0.7275±0.0494,0.8361±0.0425,0.352±0.0533,0.5812±0.0674,0.7755±0.0491,0.8669±0.039
Infinium_OncoArray,0.2583±0.0359,0.5141±0.054,0.7553±0.0428,0.8563±0.0366,0.4066±0.0457,0.6478±0.0566,0.8132±0.0402,0.8909±0.0317
PsychArray,0.2492±0.0355,0.4988±0.0549,0.7469±0.0437,0.8508±0.0373,0.3901±0.0445,0.6252±0.0578,0.801±0.0415,0.8838±0.0327
Axiom_GW_ASI,0.2899±0.0548,0.5637±0.0784,0.7749±0.0677,0.8633±0.0617,0.4165±0.0689,0.6515±0.083,0.8078±0.0668,0.8814±0.0581
Infinium_GSA,0.2757±0.0383,0.5773±0.0544,0.7735±0.042,0.8557±0.0358,0.4226±0.0492,0.7204±0.0514,0.8342±0.0391,0.8878±0.0328
Axiom_GW_CHB,0.3016±0.0272,0.612±0.0397,0.8011±0.0281,0.8803±0.0229,0.4162±0.0348,0.6554±0.0442,0.8187±0.0299,0.8955±0.0226
Axiom_JAPONICA,0.3282±0.0392,0.639±0.0521,0.831±0.0321,0.9115±0.0224,0.439±0.044,0.6805±0.0499,0.8379±0.0314,0.912±0.0213
Axiom_GW_EUR,0.281±0.057,0.5433±0.0825,0.7584±0.0747,0.8484±0.07,0.4315±0.078,0.6889±0.0888,0.8264±0.0712,0.8911±0.062
Infinium_Chinese,0.307±0.0351,0.6134±0.0494,0.8106±0.0361,0.8931±0.0292,0.4348±0.041,0.6923±0.0483,0.8412±0.0334,0.9113±0.0254
Infinium_JSA,0.3027±0.0368,0.6259±0.0483,0.7992±0.0346,0.8718±0.0276,0.4035±0.0425,0.6465±0.0497,0.8108±0.0342,0.8882±0.0256
Axiom_UKB,0.2945±0.0291,0.5674±0.0439,0.7913±0.0303,0.8851±0.0234,0.4831±0.039,0.7708±0.0434,0.8797±0.0278,0.9311±0.0199
CytoSNP-850K,0.3139±0.0342,0.5918±0.0481,0.8091±0.0353,0.9002±0.0288,0.4641±0.0386,0.7067±0.0478,0.8552±0.032,0.925±0.0239
Axiom_PMRA,0.3109±0.0336,0.629±0.0477,0.8143±0.0325,0.892±0.0251,0.4439±0.0399,0.7104±0.0471,0.8493±0.0308,0.9147±0.0224
Axiom_PMDA,0.2924±0.0237,0.5902±0.0354,0.8032±0.021,0.8921±0.017,0.463±0.029,0.7394±0.0316,0.8665±0.0203,0.9263±0.0153
Affymetrix_6.0,0.2996±0.0412,0.5736±0.0577,0.7929±0.0443,0.8847±0.0372,0.4443±0.0498,0.6828±0.0592,0.8382±0.0411,0.9114±0.0319
OmniZhongHua,0.35±0.0352,0.6416±0.0489,0.8386±0.0327,0.9211±0.0248,0.49±0.0387,0.734±0.0454,0.8721±0.0295,0.9371±0.0215
Multi-Ethnic_EUR_EAS_SAS,0.3532±0.0373,0.6698±0.0531,0.8388±0.0379,0.9097±0.0305,0.5003±0.043,0.7523±0.0501,0.8742±0.0339,0.9316±0.0257
Multi-Ethnic_Global,0.3542±0.0369,0.6741±0.0515,0.8428±0.0361,0.9135±0.0287,0.5019±0.042,0.7562±0.048,0.8779±0.0324,0.9353±0.0243
Infinium_GDA,0.3564±0.0357,0.6767±0.049,0.8463±0.0329,0.9174±0.0251,0.5057±0.0403,0.7605±0.0445,0.8816±0.0295,0.9386±0.0216
Axiom_GW_PanAFR,0.3398±0.0306,0.6232±0.0422,0.831±0.0292,0.918±0.0226,0.4886±0.0349,0.7256±0.0422,0.8689±0.0273,0.9364±0.0197
Infinium_Omni2.5,0.3689±0.0348,0.6625±0.0464,0.8503±0.031,0.9291±0.0236,0.5253±0.04,0.7731±0.0451,0.891±0.0286,0.9465±0.0205
Infinium_Omni5,0.3898±0.0336,0.6878±0.0431,0.8644±0.0278,0.9385±0.0205,0.6028±0.0404,0.8347±0.0393,0.9176±0.0248,0.9567±0.0174
