short_name,HEIGHT.mean_sd.x,BMI.mean_sd.x,Type_2_diabetes.mean_sd.x,HEIGHT.mean_sd.y,BMI.mean_sd.y,Type_2_diabetes.mean_sd.y
CytoSNP-12,0.8739±0.0023,0.8646±0.0083,0.911±0.0052,0.9467±0.0012,0.934±0.0063,0.9585±0.0031
Infinium_Core,0.8941±0.0027,0.8933±0.0061,0.9237±0.0037,0.9596±0.0015,0.9388±0.007,0.9624±0.0036
Infinium_OncoArray,0.9203±0.0031,0.9124±0.0059,0.9459±0.0027,0.9713±9e-04,0.96±0.0041,0.9739±0.002
PsychArray,0.9143±0.0025,0.9051±0.0078,0.9332±0.0023,0.9681±7e-04,0.9498±0.0072,0.9693±0.0035
Axiom_GW_ASI,0.9286±0.0022,0.9402±0.0018,0.9572±0.0018,0.9682±0.0035,0.9662±0.0027,0.9806±0.001
Infinium_GSA,0.9206±0.001,0.9159±0.0022,0.9385±0.0021,0.9714±5e-04,0.9642±0.0028,0.974±0.0015
Axiom_GW_CHB,0.9305±0.0021,0.9294±0.0037,0.9516±0.0045,0.9705±7e-04,0.9641±0.0034,0.9698±0.003
Axiom_JAPONICA,0.9345±9e-04,0.9458±0.0025,0.9545±0.0036,0.9752±4e-04,0.9701±0.003,0.982±0.0015
Axiom_GW_EUR,0.9153±0.0043,0.9331±0.0031,0.9534±0.0043,0.9678±0.0016,0.9687±0.0023,0.9821±0.0012
Infinium_Chinese,0.9443±9e-04,0.943±0.0019,0.9581±0.0012,0.978±5e-04,0.971±0.0027,0.9806±0.0023
Infinium_JSA,0.9144±0.0014,0.9122±0.0044,0.9344±0.0014,0.961±5e-04,0.9527±0.005,0.9723±0.0018
Axiom_UKB,0.936±0.0013,0.9324±0.0025,0.9429±0.0016,0.9843±4e-04,0.9788±0.0012,0.9823±0.0011
CytoSNP-850K,0.9652±0.0012,0.9649±0.003,0.9728±9e-04,0.9865±5e-04,0.9838±0.0021,0.9893±8e-04
Axiom_PMRA,0.9393±0.001,0.9357±0.0037,0.9575±0.0024,0.9761±4e-04,0.9715±0.0022,0.9777±0.0024
Axiom_PMDA,0.9463±7e-04,0.9445±0.001,0.9589±0.0019,0.9795±8e-04,0.9773±0.0014,0.98±0.0014
Affymetrix_6.0,0.9567±0.0016,0.9605±0.0024,0.9748±0.001,0.9803±3e-04,0.9762±0.0019,0.9864±0.0013
OmniZhongHua,0.9755±8e-04,0.9744±0.0017,0.9808±7e-04,0.99±5e-04,0.9877±0.001,0.9924±8e-04
Multi-Ethnic_EUR_EAS_SAS,0.9645±5e-04,0.9618±0.0023,0.9703±0.0014,0.9877±4e-04,0.9835±0.002,0.9885±0.001
Multi-Ethnic_Global,0.9676±3e-04,0.9644±0.0012,0.9736±7e-04,0.9872±4e-04,0.9839±0.0018,0.9886±0.0013
Infinium_GDA,0.969±7e-04,0.9647±0.0015,0.9755±9e-04,0.9879±3e-04,0.9859±0.0015,0.989±0.0012
Axiom_GW_PanAFR,0.9827±3e-04,0.9854±7e-04,0.9875±6e-04,0.9852±4e-04,0.9833±0.0016,0.9907±6e-04
Infinium_Omni2.5,0.9862±2e-04,0.9867±5e-04,0.9875±7e-04,0.9936±2e-04,0.9924±7e-04,0.9947±6e-04
Infinium_Omni5,0.9894±4e-04,0.9904±5e-04,0.9908±3e-04,0.9971±1e-04,0.9958±4e-04,0.9959±6e-04
